{"level":"INFO","message":"[12:33:52.554 PM]: Creating new connection object"}
{"level":"INFO","message":"[12:33:52.571 PM]: Creating Connection[id: 5b4d22b0-aa48-4962-9c32-bed3f759a3a7] with host: xxxxx.snowflakecomputing.com, account: xxxxx, accessUrl: https://xxxxx.snowflakecomputing.com, user: AK8827, role: SECURITYADMIN, database: undefined, schema: undefined, warehouse: COMPUTE_WH, proxy was not configured, password is provided, region: undefined, authenticator: SNOWFLAKE, ocsp mode: FAIL_OPEN, os: win32, os version: 10.0.26100"}
{"level":"INFO","message":"[12:33:52.572 PM]: Connection[id: 5b4d22b0-aa48-4962-9c32-bed3f759a3a7] additional details: passcode in password is provided, passcode is not provided, private key is not provided, application: undefined, client name: snowflake-sdk, client version: 2.3.3, retry timeout: 300, private key path: undefined, private key pass is not provided, client store temporary credential: false, browser response timeout: 120000"}
{"level":"INFO","message":"[12:33:52.573 PM]: Connection[id: 5b4d22b0-aa48-4962-9c32-bed3f759a3a7] - connection object created successfully."}
{"level":"INFO","message":"[12:33:52.574 PM]: Connection[id: 5b4d22b0-aa48-4962-9c32-bed3f759a3a7] - connecting. Associated Snowflake domain: GLOBAL"}
{"level":"INFO","message":"[12:33:52.588 PM]: Connection[id: 5b4d22b0-aa48-4962-9c32-bed3f759a3a7] - authentication successful using: SNOWFLAKE"}
{"level":"INFO","message":"[12:33:52.590 PM]: Trying to initialize Easy Logging"}
{"level":"INFO","message":"[12:33:52.597 PM]: No client config detected."}
{"level":"INFO","message":"[12:33:52.598 PM]: No config file path found. Client config will not be used."}
{"level":"INFO","message":"[12:33:52.599 PM]: Easy Logging is disabled as no config has been found"}
{"level":"INFO","message":"[12:35:14.146 PM]: Creating new connection object"}
{"level":"INFO","message":"[12:35:14.164 PM]: Creating Connection[id: 173255d8-1a3e-47c3-9f72-2766f8a07b72] with host: xxxxx.snowflakecomputing.com, account: xxxxx, accessUrl: https://xxxxx.snowflakecomputing.com, user: AK8827, role: SECURITYADMIN, database: undefined, schema: undefined, warehouse: COMPUTE_WH, proxy was not configured, password is provided, region: undefined, authenticator: SNOWFLAKE, ocsp mode: FAIL_OPEN, os: win32, os version: 10.0.26100"}
{"level":"INFO","message":"[12:35:14.165 PM]: Connection[id: 173255d8-1a3e-47c3-9f72-2766f8a07b72] additional details: passcode in password is provided, passcode is not provided, private key is not provided, application: undefined, client name: snowflake-sdk, client version: 2.3.3, retry timeout: 300, private key path: undefined, private key pass is not provided, client store temporary credential: false, browser response timeout: 120000"}
{"level":"INFO","message":"[12:35:14.166 PM]: Connection[id: 173255d8-1a3e-47c3-9f72-2766f8a07b72] - connection object created successfully."}
{"level":"INFO","message":"[12:35:14.167 PM]: Connection[id: 173255d8-1a3e-47c3-9f72-2766f8a07b72] - connecting. Associated Snowflake domain: GLOBAL"}
{"level":"INFO","message":"[12:35:14.175 PM]: Connection[id: 173255d8-1a3e-47c3-9f72-2766f8a07b72] - authentication successful using: SNOWFLAKE"}
{"level":"INFO","message":"[12:35:14.176 PM]: Trying to initialize Easy Logging"}
{"level":"INFO","message":"[12:35:14.181 PM]: No client config detected."}
{"level":"INFO","message":"[12:35:14.182 PM]: No config file path found. Client config will not be used."}
{"level":"INFO","message":"[12:35:14.183 PM]: Easy Logging is disabled as no config has been found"}
{"level":"ERROR","message":"[12:38:16.941 PM]: Connection[id: 173255d8-1a3e-47c3-9f72-2766f8a07b72] - connection failed after 182773.07 milliseconds. Error: Request to Snowflake failed."}
{"level":"INFO","message":"[12:42:44.884 PM]: Creating new connection object"}
{"level":"INFO","message":"[12:42:44.902 PM]: Creating Connection[id: 307bb22b-59d5-4b8a-a620-df9352c27962] with host: GVKNEYQ-QN19413.snowflakecomputing.com, account: GVKNEYQ-QN19413, accessUrl: https://GVKNEYQ-QN19413.snowflakecomputing.com, user: AK8827, role: SECURITYADMIN, database: undefined, schema: undefined, warehouse: COMPUTE_WH, proxy was not configured, password is provided, region: undefined, authenticator: SNOWFLAKE, ocsp mode: FAIL_OPEN, os: win32, os version: 10.0.26100"}
{"level":"INFO","message":"[12:42:44.903 PM]: Connection[id: 307bb22b-59d5-4b8a-a620-df9352c27962] additional details: passcode in password is provided, passcode is not provided, private key is not provided, application: undefined, client name: snowflake-sdk, client version: 2.3.3, retry timeout: 300, private key path: undefined, private key pass is not provided, client store temporary credential: false, browser response timeout: 120000"}
{"level":"INFO","message":"[12:42:44.904 PM]: Connection[id: 307bb22b-59d5-4b8a-a620-df9352c27962] - connection object created successfully."}
{"level":"INFO","message":"[12:42:44.905 PM]: Connection[id: 307bb22b-59d5-4b8a-a620-df9352c27962] - connecting. Associated Snowflake domain: GLOBAL"}
{"level":"INFO","message":"[12:42:44.915 PM]: Connection[id: 307bb22b-59d5-4b8a-a620-df9352c27962] - authentication successful using: SNOWFLAKE"}
{"level":"INFO","message":"[12:42:44.916 PM]: Trying to initialize Easy Logging"}
{"level":"INFO","message":"[12:42:44.920 PM]: No client config detected."}
{"level":"INFO","message":"[12:42:44.921 PM]: No config file path found. Client config will not be used."}
{"level":"INFO","message":"[12:42:44.921 PM]: Easy Logging is disabled as no config has been found"}
{"level":"INFO","message":"[12:42:46.174 PM]: Connection[id: 307bb22b-59d5-4b8a-a620-df9352c27962] - connection established successfully after 1269.31 milliseconds"}
{"level":"INFO","message":"[12:49:21.325 PM]: Creating new connection object"}
{"level":"INFO","message":"[12:49:21.356 PM]: Creating Connection[id: 3cfaea01-8566-482c-96b7-21c074558174] with host: GVKNEYQ-QN19413.snowflakecomputing.com, account: GVKNEYQ-QN19413, accessUrl: https://GVKNEYQ-QN19413.snowflakecomputing.com, user: AK8827, role: SECURITYADMIN, database: undefined, schema: undefined, warehouse: COMPUTE_WH, proxy was not configured, password is provided, region: undefined, authenticator: SNOWFLAKE, ocsp mode: FAIL_OPEN, os: win32, os version: 10.0.26100"}
{"level":"INFO","message":"[12:49:21.357 PM]: Connection[id: 3cfaea01-8566-482c-96b7-21c074558174] additional details: passcode in password is provided, passcode is not provided, private key is not provided, application: undefined, client name: snowflake-sdk, client version: 2.3.3, retry timeout: 300, private key path: undefined, private key pass is not provided, client store temporary credential: false, browser response timeout: 120000"}
{"level":"INFO","message":"[12:49:21.358 PM]: Connection[id: 3cfaea01-8566-482c-96b7-21c074558174] - connection object created successfully."}
{"level":"INFO","message":"[12:49:21.360 PM]: Connection[id: 3cfaea01-8566-482c-96b7-21c074558174] - connecting. Associated Snowflake domain: GLOBAL"}
{"level":"INFO","message":"[12:49:21.388 PM]: Connection[id: 3cfaea01-8566-482c-96b7-21c074558174] - authentication successful using: SNOWFLAKE"}
{"level":"INFO","message":"[12:49:21.390 PM]: Trying to initialize Easy Logging"}
{"level":"INFO","message":"[12:49:21.406 PM]: No client config detected."}
{"level":"INFO","message":"[12:49:21.407 PM]: No config file path found. Client config will not be used."}
{"level":"INFO","message":"[12:49:21.408 PM]: Easy Logging is disabled as no config has been found"}
{"level":"INFO","message":"[12:49:22.828 PM]: Connection[id: 3cfaea01-8566-482c-96b7-21c074558174] - connection established successfully after 1468.42 milliseconds"}
{"level":"INFO","message":"[1:12:21.427 PM]: Creating new connection object"}
{"level":"INFO","message":"[1:12:21.480 PM]: Creating Connection[id: 98ff896b-5007-4411-96f9-4b47b2b9835d] with host: GVKNEYQ-QN19413.snowflakecomputing.com, account: GVKNEYQ-QN19413, accessUrl: https://GVKNEYQ-QN19413.snowflakecomputing.com, user: AK8827, role: SECURITYADMIN, database: undefined, schema: undefined, warehouse: COMPUTE_WH, proxy was not configured, password is provided, region: undefined, authenticator: SNOWFLAKE, ocsp mode: FAIL_OPEN, os: win32, os version: 10.0.26100"}
{"level":"INFO","message":"[1:12:21.484 PM]: Connection[id: 98ff896b-5007-4411-96f9-4b47b2b9835d] additional details: passcode in password is provided, passcode is not provided, private key is not provided, application: undefined, client name: snowflake-sdk, client version: 2.3.3, retry timeout: 300, private key path: undefined, private key pass is not provided, client store temporary credential: false, browser response timeout: 120000"}
{"level":"INFO","message":"[1:12:21.488 PM]: Connection[id: 98ff896b-5007-4411-96f9-4b47b2b9835d] - connection object created successfully."}
{"level":"INFO","message":"[1:12:21.491 PM]: Connection[id: 98ff896b-5007-4411-96f9-4b47b2b9835d] - connecting. Associated Snowflake domain: GLOBAL"}
{"level":"INFO","message":"[1:12:21.535 PM]: Connection[id: 98ff896b-5007-4411-96f9-4b47b2b9835d] - authentication successful using: SNOWFLAKE"}
{"level":"INFO","message":"[1:12:21.539 PM]: Trying to initialize Easy Logging"}
{"level":"INFO","message":"[1:12:21.566 PM]: No client config detected."}
{"level":"INFO","message":"[1:12:21.568 PM]: No config file path found. Client config will not be used."}
{"level":"INFO","message":"[1:12:21.570 PM]: Easy Logging is disabled as no config has been found"}
{"level":"INFO","message":"[1:12:22.829 PM]: Connection[id: 98ff896b-5007-4411-96f9-4b47b2b9835d] - connection established successfully after 1338.2 milliseconds"}
{"level":"INFO","message":"[1:12:30.426 PM]: Creating new connection object"}
{"level":"INFO","message":"[1:12:30.458 PM]: Creating Connection[id: 1bbacc20-7bfc-4377-80fd-b877d0258115] with host: GVKNEYQ-QN19413.snowflakecomputing.com, account: GVKNEYQ-QN19413, accessUrl: https://GVKNEYQ-QN19413.snowflakecomputing.com, user: AK8827, role: SECURITYADMIN, database: undefined, schema: undefined, warehouse: COMPUTE_WH, proxy was not configured, password is provided, region: undefined, authenticator: SNOWFLAKE, ocsp mode: FAIL_OPEN, os: win32, os version: 10.0.26100"}
{"level":"INFO","message":"[1:12:30.459 PM]: Connection[id: 1bbacc20-7bfc-4377-80fd-b877d0258115] additional details: passcode in password is provided, passcode is not provided, private key is not provided, application: undefined, client name: snowflake-sdk, client version: 2.3.3, retry timeout: 300, private key path: undefined, private key pass is not provided, client store temporary credential: false, browser response timeout: 120000"}
{"level":"INFO","message":"[1:12:30.461 PM]: Connection[id: 1bbacc20-7bfc-4377-80fd-b877d0258115] - connection object created successfully."}
{"level":"INFO","message":"[1:12:30.465 PM]: Connection[id: 1bbacc20-7bfc-4377-80fd-b877d0258115] - connecting. Associated Snowflake domain: GLOBAL"}
{"level":"INFO","message":"[1:12:30.492 PM]: Connection[id: 1bbacc20-7bfc-4377-80fd-b877d0258115] - authentication successful using: SNOWFLAKE"}
{"level":"INFO","message":"[1:12:30.493 PM]: Trying to initialize Easy Logging"}
{"level":"INFO","message":"[1:12:30.508 PM]: No client config detected."}
{"level":"INFO","message":"[1:12:30.509 PM]: No config file path found. Client config will not be used."}
{"level":"INFO","message":"[1:12:30.510 PM]: Easy Logging is disabled as no config has been found"}
{"level":"INFO","message":"[1:12:33.882 PM]: Creating new connection object"}
{"level":"INFO","message":"[1:12:33.913 PM]: Creating Connection[id: fd9a7255-c79e-430b-96bb-bf934964d078] with host: GVKNEYQ-QN19413.snowflakecomputing.com, account: GVKNEYQ-QN19413, accessUrl: https://GVKNEYQ-QN19413.snowflakecomputing.com, user: AK8827, role: SECURITYADMIN, database: undefined, schema: undefined, warehouse: COMPUTE_WH, proxy was not configured, password is provided, region: undefined, authenticator: SNOWFLAKE, ocsp mode: FAIL_OPEN, os: win32, os version: 10.0.26100"}
{"level":"INFO","message":"[1:12:33.915 PM]: Connection[id: fd9a7255-c79e-430b-96bb-bf934964d078] additional details: passcode in password is provided, passcode is not provided, private key is not provided, application: undefined, client name: snowflake-sdk, client version: 2.3.3, retry timeout: 300, private key path: undefined, private key pass is not provided, client store temporary credential: false, browser response timeout: 120000"}
{"level":"INFO","message":"[1:12:33.918 PM]: Connection[id: fd9a7255-c79e-430b-96bb-bf934964d078] - connection object created successfully."}
{"level":"INFO","message":"[1:12:33.920 PM]: Connection[id: fd9a7255-c79e-430b-96bb-bf934964d078] - connecting. Associated Snowflake domain: GLOBAL"}
{"level":"INFO","message":"[1:12:33.948 PM]: Connection[id: fd9a7255-c79e-430b-96bb-bf934964d078] - authentication successful using: SNOWFLAKE"}
{"level":"INFO","message":"[1:12:33.950 PM]: Trying to initialize Easy Logging"}
{"level":"INFO","message":"[1:12:33.967 PM]: No client config detected."}
{"level":"INFO","message":"[1:12:33.969 PM]: No config file path found. Client config will not be used."}
{"level":"INFO","message":"[1:12:33.970 PM]: Easy Logging is disabled as no config has been found"}
{"level":"INFO","message":"[1:12:34.924 PM]: Connection[id: fd9a7255-c79e-430b-96bb-bf934964d078] - connection established successfully after 1004.27 milliseconds"}
{"level":"INFO","message":"[1:12:39.289 PM]: Creating new connection object"}
{"level":"INFO","message":"[1:12:39.313 PM]: Creating Connection[id: 942a69ee-f9fe-44e7-9837-7a7f248e2d5c] with host: GVKNEYQ-QN19413.snowflakecomputing.com, account: GVKNEYQ-QN19413, accessUrl: https://GVKNEYQ-QN19413.snowflakecomputing.com, user: AK8827, role: SECURITYADMIN, database: undefined, schema: undefined, warehouse: COMPUTE_WH, proxy was not configured, password is provided, region: undefined, authenticator: SNOWFLAKE, ocsp mode: FAIL_OPEN, os: win32, os version: 10.0.26100"}
{"level":"INFO","message":"[1:12:39.314 PM]: Connection[id: 942a69ee-f9fe-44e7-9837-7a7f248e2d5c] additional details: passcode in password is provided, passcode is not provided, private key is not provided, application: undefined, client name: snowflake-sdk, client version: 2.3.3, retry timeout: 300, private key path: undefined, private key pass is not provided, client store temporary credential: false, browser response timeout: 120000"}
{"level":"INFO","message":"[1:12:39.316 PM]: Connection[id: 942a69ee-f9fe-44e7-9837-7a7f248e2d5c] - connection object created successfully."}
{"level":"INFO","message":"[1:12:39.317 PM]: Connection[id: 942a69ee-f9fe-44e7-9837-7a7f248e2d5c] - connecting. Associated Snowflake domain: GLOBAL"}
{"level":"INFO","message":"[1:12:39.337 PM]: Connection[id: 942a69ee-f9fe-44e7-9837-7a7f248e2d5c] - authentication successful using: SNOWFLAKE"}
{"level":"INFO","message":"[1:12:39.338 PM]: Trying to initialize Easy Logging"}
{"level":"INFO","message":"[1:12:39.349 PM]: No client config detected."}
{"level":"INFO","message":"[1:12:39.350 PM]: No config file path found. Client config will not be used."}
{"level":"INFO","message":"[1:12:39.351 PM]: Easy Logging is disabled as no config has been found"}
{"level":"INFO","message":"[1:12:40.392 PM]: Connection[id: 942a69ee-f9fe-44e7-9837-7a7f248e2d5c] - connection established successfully after 1075.73 milliseconds"}
{"level":"INFO","message":"[1:13:22.783 PM]: Creating new connection object"}
{"level":"INFO","message":"[1:13:22.817 PM]: Creating Connection[id: 56594295-b2d9-44b7-827b-948dd12507a4] with host: GVKNEYQ-QN19413.snowflakecomputing.com, account: GVKNEYQ-QN19413, accessUrl: https://GVKNEYQ-QN19413.snowflakecomputing.com, user: AK8827, role: SECURITYADMIN, database: undefined, schema: undefined, warehouse: COMPUTE_WH, proxy was not configured, password is provided, region: undefined, authenticator: SNOWFLAKE, ocsp mode: FAIL_OPEN, os: win32, os version: 10.0.26100"}
{"level":"INFO","message":"[1:13:22.818 PM]: Connection[id: 56594295-b2d9-44b7-827b-948dd12507a4] additional details: passcode in password is provided, passcode is not provided, private key is not provided, application: undefined, client name: snowflake-sdk, client version: 2.3.3, retry timeout: 300, private key path: undefined, private key pass is not provided, client store temporary credential: false, browser response timeout: 120000"}
{"level":"INFO","message":"[1:13:22.819 PM]: Connection[id: 56594295-b2d9-44b7-827b-948dd12507a4] - connection object created successfully."}
{"level":"INFO","message":"[1:13:22.821 PM]: Connection[id: 56594295-b2d9-44b7-827b-948dd12507a4] - connecting. Associated Snowflake domain: GLOBAL"}
{"level":"INFO","message":"[1:13:22.853 PM]: Connection[id: 56594295-b2d9-44b7-827b-948dd12507a4] - authentication successful using: SNOWFLAKE"}
{"level":"INFO","message":"[1:13:22.855 PM]: Trying to initialize Easy Logging"}
{"level":"INFO","message":"[1:13:22.881 PM]: No client config detected."}
{"level":"INFO","message":"[1:13:22.884 PM]: No config file path found. Client config will not be used."}
{"level":"INFO","message":"[1:13:22.887 PM]: Easy Logging is disabled as no config has been found"}
{"level":"INFO","message":"[1:13:24.061 PM]: Connection[id: 56594295-b2d9-44b7-827b-948dd12507a4] - connection established successfully after 1239.2 milliseconds"}
{"level":"INFO","message":"[1:13:47.312 PM]: Creating new connection object"}
{"level":"INFO","message":"[1:13:47.337 PM]: Creating Connection[id: f27ea8fa-712d-4055-b0db-7decc5fbd060] with host: GVKNEYQ-QN19413.snowflakecomputing.com, account: GVKNEYQ-QN19413, accessUrl: https://GVKNEYQ-QN19413.snowflakecomputing.com, user: AK8827, role: SECURITYADMIN, database: undefined, schema: undefined, warehouse: COMPUTE_WH, proxy was not configured, password is provided, region: undefined, authenticator: SNOWFLAKE, ocsp mode: FAIL_OPEN, os: win32, os version: 10.0.26100"}
{"level":"INFO","message":"[1:13:47.338 PM]: Connection[id: f27ea8fa-712d-4055-b0db-7decc5fbd060] additional details: passcode in password is provided, passcode is not provided, private key is not provided, application: undefined, client name: snowflake-sdk, client version: 2.3.3, retry timeout: 300, private key path: undefined, private key pass is not provided, client store temporary credential: false, browser response timeout: 120000"}
{"level":"INFO","message":"[1:13:47.339 PM]: Connection[id: f27ea8fa-712d-4055-b0db-7decc5fbd060] - connection object created successfully."}
{"level":"INFO","message":"[1:13:47.340 PM]: Connection[id: f27ea8fa-712d-4055-b0db-7decc5fbd060] - connecting. Associated Snowflake domain: GLOBAL"}
{"level":"INFO","message":"[1:13:47.360 PM]: Connection[id: f27ea8fa-712d-4055-b0db-7decc5fbd060] - authentication successful using: SNOWFLAKE"}
{"level":"INFO","message":"[1:13:47.362 PM]: Trying to initialize Easy Logging"}
{"level":"INFO","message":"[1:13:47.374 PM]: No client config detected."}
{"level":"INFO","message":"[1:13:47.375 PM]: No config file path found. Client config will not be used."}
{"level":"INFO","message":"[1:13:47.376 PM]: Easy Logging is disabled as no config has been found"}
{"level":"INFO","message":"[1:13:50.908 PM]: Creating new connection object"}
{"level":"INFO","message":"[1:13:50.974 PM]: Creating Connection[id: c9db54fa-e0a6-446c-90c9-cacaf55285dd] with host: GVKNEYQ-QN19413.snowflakecomputing.com, account: GVKNEYQ-QN19413, accessUrl: https://GVKNEYQ-QN19413.snowflakecomputing.com, user: AK8827, role: SECURITYADMIN, database: undefined, schema: undefined, warehouse: COMPUTE_WH, proxy was not configured, password is provided, region: undefined, authenticator: SNOWFLAKE, ocsp mode: FAIL_OPEN, os: win32, os version: 10.0.26100"}
{"level":"INFO","message":"[1:13:50.983 PM]: Connection[id: c9db54fa-e0a6-446c-90c9-cacaf55285dd] additional details: passcode in password is provided, passcode is not provided, private key is not provided, application: undefined, client name: snowflake-sdk, client version: 2.3.3, retry timeout: 300, private key path: undefined, private key pass is not provided, client store temporary credential: false, browser response timeout: 120000"}
{"level":"INFO","message":"[1:13:50.986 PM]: Connection[id: c9db54fa-e0a6-446c-90c9-cacaf55285dd] - connection object created successfully."}
{"level":"INFO","message":"[1:13:50.988 PM]: Connection[id: c9db54fa-e0a6-446c-90c9-cacaf55285dd] - connecting. Associated Snowflake domain: GLOBAL"}
{"level":"INFO","message":"[1:13:51.051 PM]: Connection[id: c9db54fa-e0a6-446c-90c9-cacaf55285dd] - authentication successful using: SNOWFLAKE"}
{"level":"INFO","message":"[1:13:51.054 PM]: Trying to initialize Easy Logging"}
{"level":"INFO","message":"[1:13:51.077 PM]: No client config detected."}
{"level":"INFO","message":"[1:13:51.081 PM]: No config file path found. Client config will not be used."}
{"level":"INFO","message":"[1:13:51.086 PM]: Easy Logging is disabled as no config has been found"}
{"level":"INFO","message":"[1:13:58.814 PM]: Creating new connection object"}
{"level":"INFO","message":"[1:13:58.841 PM]: Creating Connection[id: 3c73dab6-1f9b-47f0-8e0b-8f5c34e2a1c1] with host: GVKNEYQ-QN19413.snowflakecomputing.com, account: GVKNEYQ-QN19413, accessUrl: https://GVKNEYQ-QN19413.snowflakecomputing.com, user: AK8827, role: SECURITYADMIN, database: undefined, schema: undefined, warehouse: COMPUTE_WH, proxy was not configured, password is provided, region: undefined, authenticator: SNOWFLAKE, ocsp mode: FAIL_OPEN, os: win32, os version: 10.0.26100"}
{"level":"INFO","message":"[1:13:58.843 PM]: Connection[id: 3c73dab6-1f9b-47f0-8e0b-8f5c34e2a1c1] additional details: passcode in password is provided, passcode is not provided, private key is not provided, application: undefined, client name: snowflake-sdk, client version: 2.3.3, retry timeout: 300, private key path: undefined, private key pass is not provided, client store temporary credential: false, browser response timeout: 120000"}
{"level":"INFO","message":"[1:13:58.846 PM]: Connection[id: 3c73dab6-1f9b-47f0-8e0b-8f5c34e2a1c1] - connection object created successfully."}
{"level":"INFO","message":"[1:13:58.848 PM]: Connection[id: 3c73dab6-1f9b-47f0-8e0b-8f5c34e2a1c1] - connecting. Associated Snowflake domain: GLOBAL"}
{"level":"INFO","message":"[1:13:58.874 PM]: Connection[id: 3c73dab6-1f9b-47f0-8e0b-8f5c34e2a1c1] - authentication successful using: SNOWFLAKE"}
{"level":"INFO","message":"[1:13:58.876 PM]: Trying to initialize Easy Logging"}
{"level":"INFO","message":"[1:13:58.897 PM]: No client config detected."}
{"level":"INFO","message":"[1:13:58.901 PM]: No config file path found. Client config will not be used."}
{"level":"INFO","message":"[1:13:58.903 PM]: Easy Logging is disabled as no config has been found"}
{"level":"INFO","message":"[1:14:02.659 PM]: Creating new connection object"}
{"level":"INFO","message":"[1:14:02.684 PM]: Creating Connection[id: 5d6d3186-aff1-48d0-b2f7-6d865cf009c3] with host: GVKNEYQ-QN19413.snowflakecomputing.com, account: GVKNEYQ-QN19413, accessUrl: https://GVKNEYQ-QN19413.snowflakecomputing.com, user: AK8827, role: SECURITYADMIN, database: undefined, schema: undefined, warehouse: COMPUTE_WH, proxy was not configured, password is provided, region: undefined, authenticator: SNOWFLAKE, ocsp mode: FAIL_OPEN, os: win32, os version: 10.0.26100"}
{"level":"INFO","message":"[1:14:02.685 PM]: Connection[id: 5d6d3186-aff1-48d0-b2f7-6d865cf009c3] additional details: passcode in password is provided, passcode is not provided, private key is not provided, application: undefined, client name: snowflake-sdk, client version: 2.3.3, retry timeout: 300, private key path: undefined, private key pass is not provided, client store temporary credential: false, browser response timeout: 120000"}
{"level":"INFO","message":"[1:14:02.686 PM]: Connection[id: 5d6d3186-aff1-48d0-b2f7-6d865cf009c3] - connection object created successfully."}
{"level":"INFO","message":"[1:14:02.688 PM]: Connection[id: 5d6d3186-aff1-48d0-b2f7-6d865cf009c3] - connecting. Associated Snowflake domain: GLOBAL"}
{"level":"INFO","message":"[1:14:02.711 PM]: Connection[id: 5d6d3186-aff1-48d0-b2f7-6d865cf009c3] - authentication successful using: SNOWFLAKE"}
{"level":"INFO","message":"[1:14:02.713 PM]: Trying to initialize Easy Logging"}
{"level":"INFO","message":"[1:14:02.723 PM]: No client config detected."}
{"level":"INFO","message":"[1:14:02.724 PM]: No config file path found. Client config will not be used."}
{"level":"INFO","message":"[1:14:02.726 PM]: Easy Logging is disabled as no config has been found"}
{"level":"INFO","message":"[1:14:03.911 PM]: Connection[id: 5d6d3186-aff1-48d0-b2f7-6d865cf009c3] - connection established successfully after 1223.21 milliseconds"}
{"level":"INFO","message":"[1:14:40.874 PM]: Creating new connection object"}
{"level":"INFO","message":"[1:14:40.906 PM]: Creating Connection[id: 3e0565d6-7687-442e-904f-98e25ad5e9c2] with host: GVKNEYQ-QN19413.snowflakecomputing.com, account: GVKNEYQ-QN19413, accessUrl: https://GVKNEYQ-QN19413.snowflakecomputing.com, user: AK8827, role: SECURITYADMIN, database: undefined, schema: undefined, warehouse: COMPUTE_WH, proxy was not configured, password is provided, region: undefined, authenticator: SNOWFLAKE, ocsp mode: FAIL_OPEN, os: win32, os version: 10.0.26100"}
{"level":"INFO","message":"[1:14:40.908 PM]: Connection[id: 3e0565d6-7687-442e-904f-98e25ad5e9c2] additional details: passcode in password is provided, passcode is not provided, private key is not provided, application: undefined, client name: snowflake-sdk, client version: 2.3.3, retry timeout: 300, private key path: undefined, private key pass is not provided, client store temporary credential: false, browser response timeout: 120000"}
{"level":"INFO","message":"[1:14:40.909 PM]: Connection[id: 3e0565d6-7687-442e-904f-98e25ad5e9c2] - connection object created successfully."}
{"level":"INFO","message":"[1:14:40.914 PM]: Connection[id: 3e0565d6-7687-442e-904f-98e25ad5e9c2] - connecting. Associated Snowflake domain: GLOBAL"}
{"level":"INFO","message":"[1:14:40.942 PM]: Connection[id: 3e0565d6-7687-442e-904f-98e25ad5e9c2] - authentication successful using: SNOWFLAKE"}
{"level":"INFO","message":"[1:14:40.946 PM]: Trying to initialize Easy Logging"}
{"level":"INFO","message":"[1:14:40.960 PM]: No client config detected."}
{"level":"INFO","message":"[1:14:40.963 PM]: No config file path found. Client config will not be used."}
{"level":"INFO","message":"[1:14:40.965 PM]: Easy Logging is disabled as no config has been found"}
{"level":"INFO","message":"[1:14:42.070 PM]: Connection[id: 3e0565d6-7687-442e-904f-98e25ad5e9c2] - connection established successfully after 1156.58 milliseconds"}
{"level":"INFO","message":"[1:14:48.448 PM]: Creating new connection object"}
{"level":"INFO","message":"[1:14:48.476 PM]: Creating Connection[id: 1534818e-ef03-4717-afea-ff4e3593de3b] with host: GVKNEYQ-QN19413.snowflakecomputing.com, account: GVKNEYQ-QN19413, accessUrl: https://GVKNEYQ-QN19413.snowflakecomputing.com, user: AK8827, role: SECURITYADMIN, database: undefined, schema: undefined, warehouse: COMPUTE_WH, proxy was not configured, password is provided, region: undefined, authenticator: SNOWFLAKE, ocsp mode: FAIL_OPEN, os: win32, os version: 10.0.26100"}
{"level":"INFO","message":"[1:14:48.478 PM]: Connection[id: 1534818e-ef03-4717-afea-ff4e3593de3b] additional details: passcode in password is provided, passcode is not provided, private key is not provided, application: undefined, client name: snowflake-sdk, client version: 2.3.3, retry timeout: 300, private key path: undefined, private key pass is not provided, client store temporary credential: false, browser response timeout: 120000"}
{"level":"INFO","message":"[1:14:48.479 PM]: Connection[id: 1534818e-ef03-4717-afea-ff4e3593de3b] - connection object created successfully."}
{"level":"INFO","message":"[1:14:48.481 PM]: Connection[id: 1534818e-ef03-4717-afea-ff4e3593de3b] - connecting. Associated Snowflake domain: GLOBAL"}
{"level":"INFO","message":"[1:14:48.502 PM]: Connection[id: 1534818e-ef03-4717-afea-ff4e3593de3b] - authentication successful using: SNOWFLAKE"}
{"level":"INFO","message":"[1:14:48.503 PM]: Trying to initialize Easy Logging"}
{"level":"INFO","message":"[1:14:48.515 PM]: No client config detected."}
{"level":"INFO","message":"[1:14:48.520 PM]: No config file path found. Client config will not be used."}
{"level":"INFO","message":"[1:14:48.526 PM]: Easy Logging is disabled as no config has been found"}
{"level":"INFO","message":"[1:14:49.493 PM]: Connection[id: 1534818e-ef03-4717-afea-ff4e3593de3b] - connection established successfully after 1011.94 milliseconds"}
{"level":"INFO","message":"[1:15:06.555 PM]: Creating new connection object"}
{"level":"INFO","message":"[1:15:06.578 PM]: Creating Connection[id: afdbf07c-f7ca-4211-af1e-2e71e8839e06] with host: GVKNEYQ-QN19413.snowflakecomputing.com, account: GVKNEYQ-QN19413, accessUrl: https://GVKNEYQ-QN19413.snowflakecomputing.com, user: AK8827, role: SECURITYADMIN, database: undefined, schema: undefined, warehouse: COMPUTE_WH, proxy was not configured, password is provided, region: undefined, authenticator: SNOWFLAKE, ocsp mode: FAIL_OPEN, os: win32, os version: 10.0.26100"}
{"level":"INFO","message":"[1:15:06.580 PM]: Connection[id: afdbf07c-f7ca-4211-af1e-2e71e8839e06] additional details: passcode in password is provided, passcode is not provided, private key is not provided, application: undefined, client name: snowflake-sdk, client version: 2.3.3, retry timeout: 300, private key path: undefined, private key pass is not provided, client store temporary credential: false, browser response timeout: 120000"}
{"level":"INFO","message":"[1:15:06.581 PM]: Connection[id: afdbf07c-f7ca-4211-af1e-2e71e8839e06] - connection object created successfully."}
{"level":"INFO","message":"[1:15:06.583 PM]: Connection[id: afdbf07c-f7ca-4211-af1e-2e71e8839e06] - connecting. Associated Snowflake domain: GLOBAL"}
{"level":"INFO","message":"[1:15:06.604 PM]: Connection[id: afdbf07c-f7ca-4211-af1e-2e71e8839e06] - authentication successful using: SNOWFLAKE"}
{"level":"INFO","message":"[1:15:06.606 PM]: Trying to initialize Easy Logging"}
{"level":"INFO","message":"[1:15:06.620 PM]: No client config detected."}
{"level":"INFO","message":"[1:15:06.622 PM]: No config file path found. Client config will not be used."}
{"level":"INFO","message":"[1:15:06.623 PM]: Easy Logging is disabled as no config has been found"}
{"level":"INFO","message":"[1:15:07.692 PM]: Connection[id: afdbf07c-f7ca-4211-af1e-2e71e8839e06] - connection established successfully after 1109.14 milliseconds"}
{"level":"INFO","message":"[1:18:38.712 PM]: Creating new connection object"}
{"level":"INFO","message":"[1:18:38.752 PM]: Creating Connection[id: 9d3ae578-fa64-410b-a227-e6f9aed9b139] with host: GVKNEYQ-QN19413.snowflakecomputing.com, account: GVKNEYQ-QN19413, accessUrl: https://GVKNEYQ-QN19413.snowflakecomputing.com, user: AK8827, role: SECURITYADMIN, database: undefined, schema: undefined, warehouse: COMPUTE_WH, proxy was not configured, password is provided, region: undefined, authenticator: SNOWFLAKE, ocsp mode: FAIL_OPEN, os: win32, os version: 10.0.26100"}
{"level":"INFO","message":"[1:18:38.755 PM]: Connection[id: 9d3ae578-fa64-410b-a227-e6f9aed9b139] additional details: passcode in password is provided, passcode is not provided, private key is not provided, application: undefined, client name: snowflake-sdk, client version: 2.3.3, retry timeout: 300, private key path: undefined, private key pass is not provided, client store temporary credential: false, browser response timeout: 120000"}
{"level":"INFO","message":"[1:18:38.756 PM]: Connection[id: 9d3ae578-fa64-410b-a227-e6f9aed9b139] - connection object created successfully."}
{"level":"INFO","message":"[1:18:38.758 PM]: Connection[id: 9d3ae578-fa64-410b-a227-e6f9aed9b139] - connecting. Associated Snowflake domain: GLOBAL"}
{"level":"INFO","message":"[1:18:38.786 PM]: Connection[id: 9d3ae578-fa64-410b-a227-e6f9aed9b139] - authentication successful using: SNOWFLAKE"}
{"level":"INFO","message":"[1:18:38.788 PM]: Trying to initialize Easy Logging"}
{"level":"INFO","message":"[1:18:38.801 PM]: No client config detected."}
{"level":"INFO","message":"[1:18:38.804 PM]: No config file path found. Client config will not be used."}
{"level":"INFO","message":"[1:18:38.805 PM]: Easy Logging is disabled as no config has been found"}
{"level":"INFO","message":"[1:18:44.764 PM]: Creating new connection object"}
{"level":"INFO","message":"[1:18:44.792 PM]: Creating Connection[id: a67a279a-3497-42ae-95f1-3f217857c067] with host: GVKNEYQ-QN19413.snowflakecomputing.com, account: GVKNEYQ-QN19413, accessUrl: https://GVKNEYQ-QN19413.snowflakecomputing.com, user: AK8827, role: SECURITYADMIN, database: undefined, schema: undefined, warehouse: COMPUTE_WH, proxy was not configured, password is provided, region: undefined, authenticator: SNOWFLAKE, ocsp mode: FAIL_OPEN, os: win32, os version: 10.0.26100"}
{"level":"INFO","message":"[1:18:44.793 PM]: Connection[id: a67a279a-3497-42ae-95f1-3f217857c067] additional details: passcode in password is provided, passcode is not provided, private key is not provided, application: undefined, client name: snowflake-sdk, client version: 2.3.3, retry timeout: 300, private key path: undefined, private key pass is not provided, client store temporary credential: false, browser response timeout: 120000"}
{"level":"INFO","message":"[1:18:44.794 PM]: Connection[id: a67a279a-3497-42ae-95f1-3f217857c067] - connection object created successfully."}
{"level":"INFO","message":"[1:18:44.795 PM]: Connection[id: a67a279a-3497-42ae-95f1-3f217857c067] - connecting. Associated Snowflake domain: GLOBAL"}
{"level":"INFO","message":"[1:18:44.817 PM]: Connection[id: a67a279a-3497-42ae-95f1-3f217857c067] - authentication successful using: SNOWFLAKE"}
{"level":"INFO","message":"[1:18:44.819 PM]: Trying to initialize Easy Logging"}
{"level":"INFO","message":"[1:18:44.834 PM]: No client config detected."}
{"level":"INFO","message":"[1:18:44.836 PM]: No config file path found. Client config will not be used."}
{"level":"INFO","message":"[1:18:44.837 PM]: Easy Logging is disabled as no config has been found"}
{"level":"INFO","message":"[1:18:45.772 PM]: Connection[id: a67a279a-3497-42ae-95f1-3f217857c067] - connection established successfully after 976.18 milliseconds"}
{"level":"INFO","message":"[1:18:54.164 PM]: Creating new connection object"}
{"level":"INFO","message":"[1:18:54.211 PM]: Creating Connection[id: 7fca27a1-3b01-48d7-94cf-1a0603904024] with host: GVKNEYQ-QN19413.snowflakecomputing.com, account: GVKNEYQ-QN19413, accessUrl: https://GVKNEYQ-QN19413.snowflakecomputing.com, user: AK8827, role: SECURITYADMIN, database: undefined, schema: undefined, warehouse: COMPUTE_WH, proxy was not configured, password is provided, region: undefined, authenticator: SNOWFLAKE, ocsp mode: FAIL_OPEN, os: win32, os version: 10.0.26100"}
{"level":"INFO","message":"[1:18:54.213 PM]: Connection[id: 7fca27a1-3b01-48d7-94cf-1a0603904024] additional details: passcode in password is provided, passcode is not provided, private key is not provided, application: undefined, client name: snowflake-sdk, client version: 2.3.3, retry timeout: 300, private key path: undefined, private key pass is not provided, client store temporary credential: false, browser response timeout: 120000"}
{"level":"INFO","message":"[1:18:54.216 PM]: Connection[id: 7fca27a1-3b01-48d7-94cf-1a0603904024] - connection object created successfully."}
{"level":"INFO","message":"[1:18:54.218 PM]: Connection[id: 7fca27a1-3b01-48d7-94cf-1a0603904024] - connecting. Associated Snowflake domain: GLOBAL"}
{"level":"INFO","message":"[1:18:54.266 PM]: Connection[id: 7fca27a1-3b01-48d7-94cf-1a0603904024] - authentication successful using: SNOWFLAKE"}
{"level":"INFO","message":"[1:18:54.268 PM]: Trying to initialize Easy Logging"}
{"level":"INFO","message":"[1:18:54.281 PM]: No client config detected."}
{"level":"INFO","message":"[1:18:54.283 PM]: No config file path found. Client config will not be used."}
{"level":"INFO","message":"[1:18:54.284 PM]: Easy Logging is disabled as no config has been found"}
{"level":"INFO","message":"[1:18:55.358 PM]: Connection[id: 7fca27a1-3b01-48d7-94cf-1a0603904024] - connection established successfully after 1139.76 milliseconds"}
{"level":"INFO","message":"[1:19:06.960 PM]: Creating new connection object"}
{"level":"INFO","message":"[1:19:06.994 PM]: Creating Connection[id: 19529a2d-4a69-49ac-befa-fea076289d3f] with host: GVKNEYQ-QN19413.snowflakecomputing.com, account: GVKNEYQ-QN19413, accessUrl: https://GVKNEYQ-QN19413.snowflakecomputing.com, user: AK8827, role: SECURITYADMIN, database: undefined, schema: undefined, warehouse: COMPUTE_WH, proxy was not configured, password is provided, region: undefined, authenticator: SNOWFLAKE, ocsp mode: FAIL_OPEN, os: win32, os version: 10.0.26100"}
{"level":"INFO","message":"[1:19:06.995 PM]: Connection[id: 19529a2d-4a69-49ac-befa-fea076289d3f] additional details: passcode in password is provided, passcode is not provided, private key is not provided, application: undefined, client name: snowflake-sdk, client version: 2.3.3, retry timeout: 300, private key path: undefined, private key pass is not provided, client store temporary credential: false, browser response timeout: 120000"}
{"level":"INFO","message":"[1:19:06.998 PM]: Connection[id: 19529a2d-4a69-49ac-befa-fea076289d3f] - connection object created successfully."}
{"level":"INFO","message":"[1:19:06.999 PM]: Connection[id: 19529a2d-4a69-49ac-befa-fea076289d3f] - connecting. Associated Snowflake domain: GLOBAL"}
{"level":"INFO","message":"[1:19:07.024 PM]: Connection[id: 19529a2d-4a69-49ac-befa-fea076289d3f] - authentication successful using: SNOWFLAKE"}
{"level":"INFO","message":"[1:19:07.025 PM]: Trying to initialize Easy Logging"}
{"level":"INFO","message":"[1:19:07.038 PM]: No client config detected."}
{"level":"INFO","message":"[1:19:07.039 PM]: No config file path found. Client config will not be used."}
{"level":"INFO","message":"[1:19:07.040 PM]: Easy Logging is disabled as no config has been found"}
{"level":"INFO","message":"[1:19:07.926 PM]: Connection[id: 19529a2d-4a69-49ac-befa-fea076289d3f] - connection established successfully after 926.16 milliseconds"}
{"level":"INFO","message":"[1:19:11.765 PM]: Creating new connection object"}
{"level":"INFO","message":"[1:19:11.795 PM]: Creating Connection[id: 71cf8dea-a57d-4fa1-b32f-73a3769a7828] with host: GVKNEYQ-QN19413.snowflakecomputing.com, account: GVKNEYQ-QN19413, accessUrl: https://GVKNEYQ-QN19413.snowflakecomputing.com, user: AK8827, role: SECURITYADMIN, database: undefined, schema: undefined, warehouse: COMPUTE_WH, proxy was not configured, password is provided, region: undefined, authenticator: SNOWFLAKE, ocsp mode: FAIL_OPEN, os: win32, os version: 10.0.26100"}
{"level":"INFO","message":"[1:19:11.796 PM]: Connection[id: 71cf8dea-a57d-4fa1-b32f-73a3769a7828] additional details: passcode in password is provided, passcode is not provided, private key is not provided, application: undefined, client name: snowflake-sdk, client version: 2.3.3, retry timeout: 300, private key path: undefined, private key pass is not provided, client store temporary credential: false, browser response timeout: 120000"}
{"level":"INFO","message":"[1:19:11.797 PM]: Connection[id: 71cf8dea-a57d-4fa1-b32f-73a3769a7828] - connection object created successfully."}
{"level":"INFO","message":"[1:19:11.798 PM]: Connection[id: 71cf8dea-a57d-4fa1-b32f-73a3769a7828] - connecting. Associated Snowflake domain: GLOBAL"}
{"level":"INFO","message":"[1:19:11.823 PM]: Connection[id: 71cf8dea-a57d-4fa1-b32f-73a3769a7828] - authentication successful using: SNOWFLAKE"}
{"level":"INFO","message":"[1:19:11.825 PM]: Trying to initialize Easy Logging"}
{"level":"INFO","message":"[1:19:11.837 PM]: No client config detected."}
{"level":"INFO","message":"[1:19:11.838 PM]: No config file path found. Client config will not be used."}
{"level":"INFO","message":"[1:19:11.840 PM]: Easy Logging is disabled as no config has been found"}
{"level":"INFO","message":"[1:19:12.715 PM]: Connection[id: 71cf8dea-a57d-4fa1-b32f-73a3769a7828] - connection established successfully after 917.43 milliseconds"}
{"level":"INFO","message":"[1:24:57.937 PM]: Creating new connection object"}
{"level":"INFO","message":"[1:24:57.958 PM]: Creating Connection[id: e9f839b2-788d-40a4-80f7-587dbf006282] with host: GVKNEYQ-QN19413.snowflakecomputing.com, account: GVKNEYQ-QN19413, accessUrl: https://GVKNEYQ-QN19413.snowflakecomputing.com, user: AK8827, role: SECURITYADMIN, database: undefined, schema: undefined, warehouse: COMPUTE_WH, proxy was not configured, password is provided, region: undefined, authenticator: SNOWFLAKE, ocsp mode: FAIL_OPEN, os: win32, os version: 10.0.26100"}
{"level":"INFO","message":"[1:24:57.959 PM]: Connection[id: e9f839b2-788d-40a4-80f7-587dbf006282] additional details: passcode in password is provided, passcode is not provided, private key is not provided, application: undefined, client name: snowflake-sdk, client version: 2.3.3, retry timeout: 300, private key path: undefined, private key pass is not provided, client store temporary credential: false, browser response timeout: 120000"}
{"level":"INFO","message":"[1:24:57.960 PM]: Connection[id: e9f839b2-788d-40a4-80f7-587dbf006282] - connection object created successfully."}
{"level":"INFO","message":"[1:24:57.961 PM]: Connection[id: e9f839b2-788d-40a4-80f7-587dbf006282] - connecting. Associated Snowflake domain: GLOBAL"}
{"level":"INFO","message":"[1:24:57.982 PM]: Connection[id: e9f839b2-788d-40a4-80f7-587dbf006282] - authentication successful using: SNOWFLAKE"}
{"level":"INFO","message":"[1:24:57.984 PM]: Trying to initialize Easy Logging"}
{"level":"INFO","message":"[1:24:57.995 PM]: No client config detected."}
{"level":"INFO","message":"[1:24:57.997 PM]: No config file path found. Client config will not be used."}
{"level":"INFO","message":"[1:24:57.998 PM]: Easy Logging is disabled as no config has been found"}
{"level":"INFO","message":"[1:24:59.027 PM]: Connection[id: e9f839b2-788d-40a4-80f7-587dbf006282] - connection established successfully after 1065.7 milliseconds"}
{"level":"INFO","message":"[1:26:36.189 PM]: Creating new connection object"}
{"level":"INFO","message":"[1:26:36.223 PM]: Creating Connection[id: 242bd310-f3d0-40ca-96cb-2221328758ce] with host: GVKNEYQ-QN19413.snowflakecomputing.com, account: GVKNEYQ-QN19413, accessUrl: https://GVKNEYQ-QN19413.snowflakecomputing.com, user: AK8827, role: SECURITYADMIN, database: undefined, schema: undefined, warehouse: COMPUTE_WH, proxy was not configured, password is provided, region: undefined, authenticator: SNOWFLAKE, ocsp mode: FAIL_OPEN, os: win32, os version: 10.0.26100"}
{"level":"INFO","message":"[1:26:36.227 PM]: Connection[id: 242bd310-f3d0-40ca-96cb-2221328758ce] additional details: passcode in password is provided, passcode is not provided, private key is not provided, application: undefined, client name: snowflake-sdk, client version: 2.3.3, retry timeout: 300, private key path: undefined, private key pass is not provided, client store temporary credential: false, browser response timeout: 120000"}
{"level":"INFO","message":"[1:26:36.230 PM]: Connection[id: 242bd310-f3d0-40ca-96cb-2221328758ce] - connection object created successfully."}
{"level":"INFO","message":"[1:26:36.232 PM]: Connection[id: 242bd310-f3d0-40ca-96cb-2221328758ce] - connecting. Associated Snowflake domain: GLOBAL"}
{"level":"INFO","message":"[1:26:36.254 PM]: Connection[id: 242bd310-f3d0-40ca-96cb-2221328758ce] - authentication successful using: SNOWFLAKE"}
{"level":"INFO","message":"[1:26:36.256 PM]: Trying to initialize Easy Logging"}
{"level":"INFO","message":"[1:26:36.269 PM]: No client config detected."}
{"level":"INFO","message":"[1:26:36.270 PM]: No config file path found. Client config will not be used."}
{"level":"INFO","message":"[1:26:36.272 PM]: Easy Logging is disabled as no config has been found"}
{"level":"INFO","message":"[1:26:37.475 PM]: Connection[id: 242bd310-f3d0-40ca-96cb-2221328758ce] - connection established successfully after 1243.36 milliseconds"}
{"level":"INFO","message":"[1:29:16.228 PM]: Creating new connection object"}
{"level":"INFO","message":"[1:29:16.256 PM]: Creating Connection[id: ec08de4d-00e3-4890-8397-79a78db718f3] with host: GVKNEYQ-QN19413.snowflakecomputing.com, account: GVKNEYQ-QN19413, accessUrl: https://GVKNEYQ-QN19413.snowflakecomputing.com, user: AK8827, role: SECURITYADMIN, database: undefined, schema: undefined, warehouse: COMPUTE_WH, proxy was not configured, password is provided, region: undefined, authenticator: SNOWFLAKE, ocsp mode: FAIL_OPEN, os: win32, os version: 10.0.26100"}
{"level":"INFO","message":"[1:29:16.257 PM]: Connection[id: ec08de4d-00e3-4890-8397-79a78db718f3] additional details: passcode in password is provided, passcode is not provided, private key is not provided, application: undefined, client name: snowflake-sdk, client version: 2.3.3, retry timeout: 300, private key path: undefined, private key pass is not provided, client store temporary credential: false, browser response timeout: 120000"}
{"level":"INFO","message":"[1:29:16.258 PM]: Connection[id: ec08de4d-00e3-4890-8397-79a78db718f3] - connection object created successfully."}
{"level":"INFO","message":"[1:29:16.260 PM]: Connection[id: ec08de4d-00e3-4890-8397-79a78db718f3] - connecting. Associated Snowflake domain: GLOBAL"}
{"level":"INFO","message":"[1:29:16.290 PM]: Connection[id: ec08de4d-00e3-4890-8397-79a78db718f3] - authentication successful using: SNOWFLAKE"}
{"level":"INFO","message":"[1:29:16.292 PM]: Trying to initialize Easy Logging"}
{"level":"INFO","message":"[1:29:16.303 PM]: No client config detected."}
{"level":"INFO","message":"[1:29:16.306 PM]: No config file path found. Client config will not be used."}
{"level":"INFO","message":"[1:29:16.308 PM]: Easy Logging is disabled as no config has been found"}
{"level":"INFO","message":"[1:29:17.354 PM]: Connection[id: ec08de4d-00e3-4890-8397-79a78db718f3] - connection established successfully after 1094.83 milliseconds"}
{"level":"INFO","message":"[1:32:10.031 PM]: Creating new connection object"}
{"level":"INFO","message":"[1:32:10.054 PM]: Creating Connection[id: 374372c5-742e-4936-ad43-0554bfa1f740] with host: GVKNEYQ-QN19413.snowflakecomputing.com, account: GVKNEYQ-QN19413, accessUrl: https://GVKNEYQ-QN19413.snowflakecomputing.com, user: AK8827, role: SECURITYADMIN, database: undefined, schema: undefined, warehouse: COMPUTE_WH, proxy was not configured, password is provided, region: undefined, authenticator: SNOWFLAKE, ocsp mode: FAIL_OPEN, os: win32, os version: 10.0.26100"}
{"level":"INFO","message":"[1:32:10.056 PM]: Connection[id: 374372c5-742e-4936-ad43-0554bfa1f740] additional details: passcode in password is provided, passcode is not provided, private key is not provided, application: undefined, client name: snowflake-sdk, client version: 2.3.3, retry timeout: 300, private key path: undefined, private key pass is not provided, client store temporary credential: false, browser response timeout: 120000"}
{"level":"INFO","message":"[1:32:10.057 PM]: Connection[id: 374372c5-742e-4936-ad43-0554bfa1f740] - connection object created successfully."}
{"level":"INFO","message":"[1:32:10.058 PM]: Connection[id: 374372c5-742e-4936-ad43-0554bfa1f740] - connecting. Associated Snowflake domain: GLOBAL"}
{"level":"INFO","message":"[1:32:10.078 PM]: Connection[id: 374372c5-742e-4936-ad43-0554bfa1f740] - authentication successful using: SNOWFLAKE"}
{"level":"INFO","message":"[1:32:10.081 PM]: Trying to initialize Easy Logging"}
{"level":"INFO","message":"[1:32:10.089 PM]: No client config detected."}
{"level":"INFO","message":"[1:32:10.091 PM]: No config file path found. Client config will not be used."}
{"level":"INFO","message":"[1:32:10.092 PM]: Easy Logging is disabled as no config has been found"}
{"level":"INFO","message":"[1:32:11.123 PM]: Connection[id: 374372c5-742e-4936-ad43-0554bfa1f740] - connection established successfully after 1064.29 milliseconds"}
{"level":"INFO","message":"[1:45:48.718 PM]: Creating new connection object"}
{"level":"INFO","message":"[1:45:48.740 PM]: Creating Connection[id: a9f68451-6b0b-4e21-90b5-11ad3d65ece6] with host: GVKNEYQ-QN19413.snowflakecomputing.com, account: GVKNEYQ-QN19413, accessUrl: https://GVKNEYQ-QN19413.snowflakecomputing.com, user: AK8827, role: SECURITYADMIN, database: undefined, schema: undefined, warehouse: COMPUTE_WH, proxy was not configured, password is provided, region: undefined, authenticator: SNOWFLAKE, ocsp mode: FAIL_OPEN, os: win32, os version: 10.0.26100"}
{"level":"INFO","message":"[1:45:48.742 PM]: Connection[id: a9f68451-6b0b-4e21-90b5-11ad3d65ece6] additional details: passcode in password is provided, passcode is not provided, private key is not provided, application: undefined, client name: snowflake-sdk, client version: 2.3.3, retry timeout: 300, private key path: undefined, private key pass is not provided, client store temporary credential: false, browser response timeout: 120000"}
{"level":"INFO","message":"[1:45:48.744 PM]: Connection[id: a9f68451-6b0b-4e21-90b5-11ad3d65ece6] - connection object created successfully."}
{"level":"INFO","message":"[1:45:48.746 PM]: Connection[id: a9f68451-6b0b-4e21-90b5-11ad3d65ece6] - connecting. Associated Snowflake domain: GLOBAL"}
{"level":"INFO","message":"[1:45:48.791 PM]: Connection[id: a9f68451-6b0b-4e21-90b5-11ad3d65ece6] - authentication successful using: SNOWFLAKE"}
{"level":"INFO","message":"[1:45:48.792 PM]: Trying to initialize Easy Logging"}
{"level":"INFO","message":"[1:45:48.821 PM]: No client config detected."}
{"level":"INFO","message":"[1:45:48.822 PM]: No config file path found. Client config will not be used."}
{"level":"INFO","message":"[1:45:48.825 PM]: Easy Logging is disabled as no config has been found"}
{"level":"INFO","message":"[1:45:50.124 PM]: Connection[id: a9f68451-6b0b-4e21-90b5-11ad3d65ece6] - connection established successfully after 1378.19 milliseconds"}
{"level":"INFO","message":"[1:46:00.177 PM]: Creating new connection object"}
{"level":"INFO","message":"[1:46:00.201 PM]: Creating Connection[id: 59c92a77-6dd0-4ee8-8898-00dd8fa5bdff] with host: GVKNEYQ-QN19413.snowflakecomputing.com, account: GVKNEYQ-QN19413, accessUrl: https://GVKNEYQ-QN19413.snowflakecomputing.com, user: AK8827, role: SECURITYADMIN, database: undefined, schema: undefined, warehouse: COMPUTE_WH, proxy was not configured, password is provided, region: undefined, authenticator: SNOWFLAKE, ocsp mode: FAIL_OPEN, os: win32, os version: 10.0.26100"}
{"level":"INFO","message":"[1:46:00.202 PM]: Connection[id: 59c92a77-6dd0-4ee8-8898-00dd8fa5bdff] additional details: passcode in password is provided, passcode is not provided, private key is not provided, application: undefined, client name: snowflake-sdk, client version: 2.3.3, retry timeout: 300, private key path: undefined, private key pass is not provided, client store temporary credential: false, browser response timeout: 120000"}
{"level":"INFO","message":"[1:46:00.203 PM]: Connection[id: 59c92a77-6dd0-4ee8-8898-00dd8fa5bdff] - connection object created successfully."}
{"level":"INFO","message":"[1:46:00.204 PM]: Connection[id: 59c92a77-6dd0-4ee8-8898-00dd8fa5bdff] - connecting. Associated Snowflake domain: GLOBAL"}
{"level":"INFO","message":"[1:46:00.221 PM]: Connection[id: 59c92a77-6dd0-4ee8-8898-00dd8fa5bdff] - authentication successful using: SNOWFLAKE"}
{"level":"INFO","message":"[1:46:00.222 PM]: Trying to initialize Easy Logging"}
{"level":"INFO","message":"[1:46:00.240 PM]: No client config detected."}
{"level":"INFO","message":"[1:46:00.241 PM]: No config file path found. Client config will not be used."}
{"level":"INFO","message":"[1:46:00.242 PM]: Easy Logging is disabled as no config has been found"}
{"level":"INFO","message":"[1:46:01.517 PM]: Connection[id: 59c92a77-6dd0-4ee8-8898-00dd8fa5bdff] - connection established successfully after 1313.23 milliseconds"}
{"level":"INFO","message":"[1:46:20.168 PM]: Creating new connection object"}
{"level":"INFO","message":"[1:46:20.190 PM]: Creating Connection[id: 403d752d-f982-4b6a-8d44-fd87edf7e012] with host: GVKNEYQ-QN19413.snowflakecomputing.com, account: GVKNEYQ-QN19413, accessUrl: https://GVKNEYQ-QN19413.snowflakecomputing.com, user: AK8827, role: SECURITYADMIN, database: undefined, schema: undefined, warehouse: COMPUTE_WH, proxy was not configured, password is provided, region: undefined, authenticator: SNOWFLAKE, ocsp mode: FAIL_OPEN, os: win32, os version: 10.0.26100"}
{"level":"INFO","message":"[1:46:20.191 PM]: Connection[id: 403d752d-f982-4b6a-8d44-fd87edf7e012] additional details: passcode in password is provided, passcode is not provided, private key is not provided, application: undefined, client name: snowflake-sdk, client version: 2.3.3, retry timeout: 300, private key path: undefined, private key pass is not provided, client store temporary credential: false, browser response timeout: 120000"}
{"level":"INFO","message":"[1:46:20.192 PM]: Connection[id: 403d752d-f982-4b6a-8d44-fd87edf7e012] - connection object created successfully."}
{"level":"INFO","message":"[1:46:20.193 PM]: Connection[id: 403d752d-f982-4b6a-8d44-fd87edf7e012] - connecting. Associated Snowflake domain: GLOBAL"}
{"level":"INFO","message":"[1:46:20.212 PM]: Connection[id: 403d752d-f982-4b6a-8d44-fd87edf7e012] - authentication successful using: SNOWFLAKE"}
{"level":"INFO","message":"[1:46:20.214 PM]: Trying to initialize Easy Logging"}
{"level":"INFO","message":"[1:46:20.227 PM]: No client config detected."}
{"level":"INFO","message":"[1:46:20.228 PM]: No config file path found. Client config will not be used."}
{"level":"INFO","message":"[1:46:20.229 PM]: Easy Logging is disabled as no config has been found"}
{"level":"INFO","message":"[1:46:21.281 PM]: Connection[id: 403d752d-f982-4b6a-8d44-fd87edf7e012] - connection established successfully after 1087.73 milliseconds"}
{"level":"INFO","message":"[1:49:57.939 PM]: Creating new connection object"}
{"level":"INFO","message":"[1:49:57.963 PM]: Creating Connection[id: f22c03d2-89b9-46f6-a9b4-74aa80e2c7fd] with host: GVKNEYQ-QN19413.snowflakecomputing.com, account: GVKNEYQ-QN19413, accessUrl: https://GVKNEYQ-QN19413.snowflakecomputing.com, user: AK8827, role: SECURITYADMIN, database: undefined, schema: undefined, warehouse: COMPUTE_WH, proxy was not configured, password is provided, region: undefined, authenticator: SNOWFLAKE, ocsp mode: FAIL_OPEN, os: win32, os version: 10.0.26100"}
{"level":"INFO","message":"[1:49:57.964 PM]: Connection[id: f22c03d2-89b9-46f6-a9b4-74aa80e2c7fd] additional details: passcode in password is provided, passcode is not provided, private key is not provided, application: undefined, client name: snowflake-sdk, client version: 2.3.3, retry timeout: 300, private key path: undefined, private key pass is not provided, client store temporary credential: false, browser response timeout: 120000"}
{"level":"INFO","message":"[1:49:57.966 PM]: Connection[id: f22c03d2-89b9-46f6-a9b4-74aa80e2c7fd] - connection object created successfully."}
{"level":"INFO","message":"[1:49:57.967 PM]: Connection[id: f22c03d2-89b9-46f6-a9b4-74aa80e2c7fd] - connecting. Associated Snowflake domain: GLOBAL"}
{"level":"INFO","message":"[1:49:57.985 PM]: Connection[id: f22c03d2-89b9-46f6-a9b4-74aa80e2c7fd] - authentication successful using: SNOWFLAKE"}
{"level":"INFO","message":"[1:49:57.987 PM]: Trying to initialize Easy Logging"}
{"level":"INFO","message":"[1:49:57.995 PM]: No client config detected."}
{"level":"INFO","message":"[1:49:57.996 PM]: No config file path found. Client config will not be used."}
{"level":"INFO","message":"[1:49:57.997 PM]: Easy Logging is disabled as no config has been found"}
{"level":"INFO","message":"[1:49:59.011 PM]: Connection[id: f22c03d2-89b9-46f6-a9b4-74aa80e2c7fd] - connection established successfully after 1043.59 milliseconds"}
{"level":"INFO","message":"[1:51:08.119 PM]: Creating new connection object"}
{"level":"INFO","message":"[1:51:08.140 PM]: Creating Connection[id: cc123f81-f076-4b63-bdab-e38b7742d717] with host: GVKNEYQ-QN19413.snowflakecomputing.com, account: GVKNEYQ-QN19413, accessUrl: https://GVKNEYQ-QN19413.snowflakecomputing.com, user: AK8827, role: SECURITYADMIN, database: undefined, schema: undefined, warehouse: COMPUTE_WH, proxy was not configured, password is provided, region: undefined, authenticator: SNOWFLAKE, ocsp mode: FAIL_OPEN, os: win32, os version: 10.0.26100"}
{"level":"INFO","message":"[1:51:08.141 PM]: Connection[id: cc123f81-f076-4b63-bdab-e38b7742d717] additional details: passcode in password is provided, passcode is not provided, private key is not provided, application: undefined, client name: snowflake-sdk, client version: 2.3.3, retry timeout: 300, private key path: undefined, private key pass is not provided, client store temporary credential: false, browser response timeout: 120000"}
{"level":"INFO","message":"[1:51:08.142 PM]: Connection[id: cc123f81-f076-4b63-bdab-e38b7742d717] - connection object created successfully."}
{"level":"INFO","message":"[1:51:08.143 PM]: Connection[id: cc123f81-f076-4b63-bdab-e38b7742d717] - connecting. Associated Snowflake domain: GLOBAL"}
{"level":"INFO","message":"[1:51:08.161 PM]: Connection[id: cc123f81-f076-4b63-bdab-e38b7742d717] - authentication successful using: SNOWFLAKE"}
{"level":"INFO","message":"[1:51:08.163 PM]: Trying to initialize Easy Logging"}
{"level":"INFO","message":"[1:51:08.179 PM]: No client config detected."}
{"level":"INFO","message":"[1:51:08.180 PM]: No config file path found. Client config will not be used."}
{"level":"INFO","message":"[1:51:08.181 PM]: Easy Logging is disabled as no config has been found"}
{"level":"INFO","message":"[1:51:39.383 PM]: Creating new connection object"}
{"level":"INFO","message":"[1:51:39.405 PM]: Creating Connection[id: 764968ec-df0c-4906-a4a2-fa461b67dc85] with host: GVKNEYQ-QN19413.snowflakecomputing.com, account: GVKNEYQ-QN19413, accessUrl: https://GVKNEYQ-QN19413.snowflakecomputing.com, user: AK8827, role: SECURITYADMIN, database: undefined, schema: undefined, warehouse: COMPUTE_WH, proxy was not configured, password is provided, region: undefined, authenticator: SNOWFLAKE, ocsp mode: FAIL_OPEN, os: win32, os version: 10.0.26100"}
{"level":"INFO","message":"[1:51:39.407 PM]: Connection[id: 764968ec-df0c-4906-a4a2-fa461b67dc85] additional details: passcode in password is provided, passcode is not provided, private key is not provided, application: undefined, client name: snowflake-sdk, client version: 2.3.3, retry timeout: 300, private key path: undefined, private key pass is not provided, client store temporary credential: false, browser response timeout: 120000"}
{"level":"INFO","message":"[1:51:39.408 PM]: Connection[id: 764968ec-df0c-4906-a4a2-fa461b67dc85] - connection object created successfully."}
{"level":"INFO","message":"[1:51:39.411 PM]: Connection[id: 764968ec-df0c-4906-a4a2-fa461b67dc85] - connecting. Associated Snowflake domain: GLOBAL"}
{"level":"INFO","message":"[1:51:39.429 PM]: Connection[id: 764968ec-df0c-4906-a4a2-fa461b67dc85] - authentication successful using: SNOWFLAKE"}
{"level":"INFO","message":"[1:51:39.432 PM]: Trying to initialize Easy Logging"}
{"level":"INFO","message":"[1:51:39.446 PM]: No client config detected."}
{"level":"INFO","message":"[1:51:39.447 PM]: No config file path found. Client config will not be used."}
{"level":"INFO","message":"[1:51:39.448 PM]: Easy Logging is disabled as no config has been found"}
{"level":"INFO","message":"[1:51:40.866 PM]: Connection[id: 764968ec-df0c-4906-a4a2-fa461b67dc85] - connection established successfully after 1455.52 milliseconds"}
{"level":"INFO","message":"[1:52:12.485 PM]: Creating new connection object"}
{"level":"INFO","message":"[1:52:12.524 PM]: Creating Connection[id: 758fe9d1-d163-4e02-a577-9d8e1afaad23] with host: GVKNEYQ-QN19413.snowflakecomputing.com, account: GVKNEYQ-QN19413, accessUrl: https://GVKNEYQ-QN19413.snowflakecomputing.com, user: AK8827, role: SECURITYADMIN, database: undefined, schema: undefined, warehouse: COMPUTE_WH, proxy was not configured, password is provided, region: undefined, authenticator: SNOWFLAKE, ocsp mode: FAIL_OPEN, os: win32, os version: 10.0.26100"}
{"level":"INFO","message":"[1:52:12.526 PM]: Connection[id: 758fe9d1-d163-4e02-a577-9d8e1afaad23] additional details: passcode in password is provided, passcode is not provided, private key is not provided, application: undefined, client name: snowflake-sdk, client version: 2.3.3, retry timeout: 300, private key path: undefined, private key pass is not provided, client store temporary credential: false, browser response timeout: 120000"}
{"level":"INFO","message":"[1:52:12.527 PM]: Connection[id: 758fe9d1-d163-4e02-a577-9d8e1afaad23] - connection object created successfully."}
{"level":"INFO","message":"[1:52:12.528 PM]: Connection[id: 758fe9d1-d163-4e02-a577-9d8e1afaad23] - connecting. Associated Snowflake domain: GLOBAL"}
{"level":"INFO","message":"[1:52:12.552 PM]: Connection[id: 758fe9d1-d163-4e02-a577-9d8e1afaad23] - authentication successful using: SNOWFLAKE"}
{"level":"INFO","message":"[1:52:12.555 PM]: Trying to initialize Easy Logging"}
{"level":"INFO","message":"[1:52:12.573 PM]: No client config detected."}
{"level":"INFO","message":"[1:52:12.574 PM]: No config file path found. Client config will not be used."}
{"level":"INFO","message":"[1:52:12.575 PM]: Easy Logging is disabled as no config has been found"}
{"level":"INFO","message":"[1:52:13.830 PM]: Connection[id: 758fe9d1-d163-4e02-a577-9d8e1afaad23] - connection established successfully after 1301.76 milliseconds"}
{"level":"INFO","message":"[1:52:16.893 PM]: Creating new connection object"}
{"level":"INFO","message":"[1:52:16.916 PM]: Creating Connection[id: 3012abf4-e43e-4015-9970-317ce98ccc92] with host: GVKNEYQ-QN19413.snowflakecomputing.com, account: GVKNEYQ-QN19413, accessUrl: https://GVKNEYQ-QN19413.snowflakecomputing.com, user: AK8827, role: SECURITYADMIN, database: undefined, schema: undefined, warehouse: COMPUTE_WH, proxy was not configured, password is provided, region: undefined, authenticator: SNOWFLAKE, ocsp mode: FAIL_OPEN, os: win32, os version: 10.0.26100"}
{"level":"INFO","message":"[1:52:16.918 PM]: Connection[id: 3012abf4-e43e-4015-9970-317ce98ccc92] additional details: passcode in password is provided, passcode is not provided, private key is not provided, application: undefined, client name: snowflake-sdk, client version: 2.3.3, retry timeout: 300, private key path: undefined, private key pass is not provided, client store temporary credential: false, browser response timeout: 120000"}
{"level":"INFO","message":"[1:52:16.919 PM]: Connection[id: 3012abf4-e43e-4015-9970-317ce98ccc92] - connection object created successfully."}
{"level":"INFO","message":"[1:52:16.920 PM]: Connection[id: 3012abf4-e43e-4015-9970-317ce98ccc92] - connecting. Associated Snowflake domain: GLOBAL"}
{"level":"INFO","message":"[1:52:16.941 PM]: Connection[id: 3012abf4-e43e-4015-9970-317ce98ccc92] - authentication successful using: SNOWFLAKE"}
{"level":"INFO","message":"[1:52:16.945 PM]: Trying to initialize Easy Logging"}
{"level":"INFO","message":"[1:52:16.956 PM]: No client config detected."}
{"level":"INFO","message":"[1:52:16.957 PM]: No config file path found. Client config will not be used."}
{"level":"INFO","message":"[1:52:16.958 PM]: Easy Logging is disabled as no config has been found"}
{"level":"INFO","message":"[1:52:17.658 PM]: Connection[id: 3012abf4-e43e-4015-9970-317ce98ccc92] - connection established successfully after 737.82 milliseconds"}
{"level":"INFO","message":"[1:52:31.825 PM]: Creating new connection object"}
{"level":"INFO","message":"[1:52:31.857 PM]: Creating Connection[id: 96604140-25b1-41d9-ac24-9fdc67e32097] with host: GVKNEYQ-QN19413.snowflakecomputing.com, account: GVKNEYQ-QN19413, accessUrl: https://GVKNEYQ-QN19413.snowflakecomputing.com, user: AK8827, role: SECURITYADMIN, database: undefined, schema: undefined, warehouse: COMPUTE_WH, proxy was not configured, password is provided, region: undefined, authenticator: SNOWFLAKE, ocsp mode: FAIL_OPEN, os: win32, os version: 10.0.26100"}
{"level":"INFO","message":"[1:52:31.860 PM]: Connection[id: 96604140-25b1-41d9-ac24-9fdc67e32097] additional details: passcode in password is provided, passcode is not provided, private key is not provided, application: undefined, client name: snowflake-sdk, client version: 2.3.3, retry timeout: 300, private key path: undefined, private key pass is not provided, client store temporary credential: false, browser response timeout: 120000"}
{"level":"INFO","message":"[1:52:31.863 PM]: Connection[id: 96604140-25b1-41d9-ac24-9fdc67e32097] - connection object created successfully."}
{"level":"INFO","message":"[1:52:31.866 PM]: Connection[id: 96604140-25b1-41d9-ac24-9fdc67e32097] - connecting. Associated Snowflake domain: GLOBAL"}
{"level":"INFO","message":"[1:52:32.200 PM]: Connection[id: 96604140-25b1-41d9-ac24-9fdc67e32097] - authentication successful using: SNOWFLAKE"}
{"level":"INFO","message":"[1:52:32.202 PM]: Trying to initialize Easy Logging"}
{"level":"INFO","message":"[1:52:32.213 PM]: No client config detected."}
{"level":"INFO","message":"[1:52:32.213 PM]: No config file path found. Client config will not be used."}
{"level":"INFO","message":"[1:52:32.214 PM]: Easy Logging is disabled as no config has been found"}
{"level":"INFO","message":"[1:52:33.243 PM]: Connection[id: 96604140-25b1-41d9-ac24-9fdc67e32097] - connection established successfully after 1376.88 milliseconds"}
{"level":"INFO","message":"[1:52:54.215 PM]: Creating new connection object"}
{"level":"INFO","message":"[1:52:54.239 PM]: Creating Connection[id: 0a8b4241-1642-4cfc-83c9-503127ba2fae] with host: GVKNEYQ-QN19413.snowflakecomputing.com, account: GVKNEYQ-QN19413, accessUrl: https://GVKNEYQ-QN19413.snowflakecomputing.com, user: AK8827, role: SECURITYADMIN, database: undefined, schema: undefined, warehouse: COMPUTE_WH, proxy was not configured, password is provided, region: undefined, authenticator: SNOWFLAKE, ocsp mode: FAIL_OPEN, os: win32, os version: 10.0.26100"}
{"level":"INFO","message":"[1:52:54.241 PM]: Connection[id: 0a8b4241-1642-4cfc-83c9-503127ba2fae] additional details: passcode in password is provided, passcode is not provided, private key is not provided, application: undefined, client name: snowflake-sdk, client version: 2.3.3, retry timeout: 300, private key path: undefined, private key pass is not provided, client store temporary credential: false, browser response timeout: 120000"}
{"level":"INFO","message":"[1:52:54.242 PM]: Connection[id: 0a8b4241-1642-4cfc-83c9-503127ba2fae] - connection object created successfully."}
{"level":"INFO","message":"[1:52:54.243 PM]: Connection[id: 0a8b4241-1642-4cfc-83c9-503127ba2fae] - connecting. Associated Snowflake domain: GLOBAL"}
{"level":"INFO","message":"[1:52:54.487 PM]: Connection[id: 0a8b4241-1642-4cfc-83c9-503127ba2fae] - authentication successful using: SNOWFLAKE"}
{"level":"INFO","message":"[1:52:54.489 PM]: Trying to initialize Easy Logging"}
{"level":"INFO","message":"[1:52:54.498 PM]: No client config detected."}
{"level":"INFO","message":"[1:52:54.500 PM]: No config file path found. Client config will not be used."}
{"level":"INFO","message":"[1:52:54.502 PM]: Easy Logging is disabled as no config has been found"}
{"level":"INFO","message":"[1:52:55.603 PM]: Connection[id: 0a8b4241-1642-4cfc-83c9-503127ba2fae] - connection established successfully after 1360.63 milliseconds"}
{"level":"INFO","message":"[1:53:50.916 PM]: Creating new connection object"}
{"level":"INFO","message":"[1:53:50.978 PM]: Creating Connection[id: 53764e08-dbc5-40a4-bc8b-954a1a208ab9] with host: GVKNEYQ-QN19413.snowflakecomputing.com, account: GVKNEYQ-QN19413, accessUrl: https://GVKNEYQ-QN19413.snowflakecomputing.com, user: AK8827, role: SECURITYADMIN, database: undefined, schema: undefined, warehouse: COMPUTE_WH, proxy was not configured, password is provided, region: undefined, authenticator: SNOWFLAKE, ocsp mode: FAIL_OPEN, os: win32, os version: 10.0.26100"}
{"level":"INFO","message":"[1:53:50.980 PM]: Connection[id: 53764e08-dbc5-40a4-bc8b-954a1a208ab9] additional details: passcode in password is provided, passcode is not provided, private key is not provided, application: undefined, client name: snowflake-sdk, client version: 2.3.3, retry timeout: 300, private key path: undefined, private key pass is not provided, client store temporary credential: false, browser response timeout: 120000"}
{"level":"INFO","message":"[1:53:50.983 PM]: Connection[id: 53764e08-dbc5-40a4-bc8b-954a1a208ab9] - connection object created successfully."}
{"level":"INFO","message":"[1:53:50.985 PM]: Connection[id: 53764e08-dbc5-40a4-bc8b-954a1a208ab9] - connecting. Associated Snowflake domain: GLOBAL"}
{"level":"INFO","message":"[1:53:51.393 PM]: Connection[id: 53764e08-dbc5-40a4-bc8b-954a1a208ab9] - authentication successful using: SNOWFLAKE"}
{"level":"INFO","message":"[1:53:51.395 PM]: Trying to initialize Easy Logging"}
{"level":"INFO","message":"[1:53:51.402 PM]: No client config detected."}
{"level":"INFO","message":"[1:53:51.403 PM]: No config file path found. Client config will not be used."}
{"level":"INFO","message":"[1:53:51.405 PM]: Easy Logging is disabled as no config has been found"}
{"level":"INFO","message":"[1:53:52.516 PM]: Connection[id: 53764e08-dbc5-40a4-bc8b-954a1a208ab9] - connection established successfully after 1530.57 milliseconds"}
{"level":"INFO","message":"[1:54:08.511 PM]: Creating new connection object"}
{"level":"INFO","message":"[1:54:08.533 PM]: Creating Connection[id: a3ef3d04-8c7e-4874-addd-3b56b8590f29] with host: GVKNEYQ-QN19413.snowflakecomputing.com, account: GVKNEYQ-QN19413, accessUrl: https://GVKNEYQ-QN19413.snowflakecomputing.com, user: AK8827, role: SECURITYADMIN, database: undefined, schema: undefined, warehouse: COMPUTE_WH, proxy was not configured, password is provided, region: undefined, authenticator: SNOWFLAKE, ocsp mode: FAIL_OPEN, os: win32, os version: 10.0.26100"}
{"level":"INFO","message":"[1:54:08.534 PM]: Connection[id: a3ef3d04-8c7e-4874-addd-3b56b8590f29] additional details: passcode in password is provided, passcode is not provided, private key is not provided, application: undefined, client name: snowflake-sdk, client version: 2.3.3, retry timeout: 300, private key path: undefined, private key pass is not provided, client store temporary credential: false, browser response timeout: 120000"}
{"level":"INFO","message":"[1:54:08.535 PM]: Connection[id: a3ef3d04-8c7e-4874-addd-3b56b8590f29] - connection object created successfully."}
{"level":"INFO","message":"[1:54:08.536 PM]: Connection[id: a3ef3d04-8c7e-4874-addd-3b56b8590f29] - connecting. Associated Snowflake domain: GLOBAL"}
{"level":"INFO","message":"[1:54:08.852 PM]: Connection[id: a3ef3d04-8c7e-4874-addd-3b56b8590f29] - authentication successful using: SNOWFLAKE"}
{"level":"INFO","message":"[1:54:08.854 PM]: Trying to initialize Easy Logging"}
{"level":"INFO","message":"[1:54:08.873 PM]: No client config detected."}
{"level":"INFO","message":"[1:54:08.875 PM]: No config file path found. Client config will not be used."}
{"level":"INFO","message":"[1:54:08.876 PM]: Easy Logging is disabled as no config has been found"}
{"level":"INFO","message":"[1:54:30.846 PM]: Creating new connection object"}
{"level":"INFO","message":"[1:54:30.867 PM]: Creating Connection[id: 64fdfa9e-4111-496a-869a-871f0e1c1dda] with host: GVKNEYQ-QN19413.snowflakecomputing.com, account: GVKNEYQ-QN19413, accessUrl: https://GVKNEYQ-QN19413.snowflakecomputing.com, user: AK8827, role: SECURITYADMIN, database: undefined, schema: undefined, warehouse: COMPUTE_WH, proxy was not configured, password is provided, region: undefined, authenticator: SNOWFLAKE, ocsp mode: FAIL_OPEN, os: win32, os version: 10.0.26100"}
{"level":"INFO","message":"[1:54:30.869 PM]: Connection[id: 64fdfa9e-4111-496a-869a-871f0e1c1dda] additional details: passcode in password is provided, passcode is not provided, private key is not provided, application: undefined, client name: snowflake-sdk, client version: 2.3.3, retry timeout: 300, private key path: undefined, private key pass is not provided, client store temporary credential: false, browser response timeout: 120000"}
{"level":"INFO","message":"[1:54:30.870 PM]: Connection[id: 64fdfa9e-4111-496a-869a-871f0e1c1dda] - connection object created successfully."}
{"level":"INFO","message":"[1:54:30.872 PM]: Connection[id: 64fdfa9e-4111-496a-869a-871f0e1c1dda] - connecting. Associated Snowflake domain: GLOBAL"}
{"level":"INFO","message":"[1:54:31.103 PM]: Connection[id: 64fdfa9e-4111-496a-869a-871f0e1c1dda] - authentication successful using: SNOWFLAKE"}
{"level":"INFO","message":"[1:54:31.104 PM]: Trying to initialize Easy Logging"}
{"level":"INFO","message":"[1:54:31.121 PM]: No client config detected."}
{"level":"INFO","message":"[1:54:31.123 PM]: No config file path found. Client config will not be used."}
{"level":"INFO","message":"[1:54:31.125 PM]: Easy Logging is disabled as no config has been found"}
{"level":"INFO","message":"[1:57:20.279 PM]: Creating new connection object"}
{"level":"INFO","message":"[1:57:20.304 PM]: Creating Connection[id: 1cb4b9c3-cf92-46b0-af47-70e236697c13] with host: GVKNEYQ-QN19413.snowflakecomputing.com, account: GVKNEYQ-QN19413, accessUrl: https://GVKNEYQ-QN19413.snowflakecomputing.com, user: AK8827, role: SECURITYADMIN, database: undefined, schema: undefined, warehouse: COMPUTE_WH, proxy was not configured, password is provided, region: undefined, authenticator: SNOWFLAKE, ocsp mode: FAIL_OPEN, os: win32, os version: 10.0.26100"}
{"level":"INFO","message":"[1:57:20.305 PM]: Connection[id: 1cb4b9c3-cf92-46b0-af47-70e236697c13] additional details: passcode in password is provided, passcode is not provided, private key is not provided, application: undefined, client name: snowflake-sdk, client version: 2.3.3, retry timeout: 300, private key path: undefined, private key pass is not provided, client store temporary credential: false, browser response timeout: 120000"}
{"level":"INFO","message":"[1:57:20.307 PM]: Connection[id: 1cb4b9c3-cf92-46b0-af47-70e236697c13] - connection object created successfully."}
{"level":"INFO","message":"[1:57:20.309 PM]: Connection[id: 1cb4b9c3-cf92-46b0-af47-70e236697c13] - connecting. Associated Snowflake domain: GLOBAL"}
{"level":"INFO","message":"[1:57:20.557 PM]: Connection[id: 1cb4b9c3-cf92-46b0-af47-70e236697c13] - authentication successful using: SNOWFLAKE"}
{"level":"INFO","message":"[1:57:20.559 PM]: Trying to initialize Easy Logging"}
{"level":"INFO","message":"[1:57:20.580 PM]: No client config detected."}
{"level":"INFO","message":"[1:57:20.581 PM]: No config file path found. Client config will not be used."}
{"level":"INFO","message":"[1:57:20.582 PM]: Easy Logging is disabled as no config has been found"}
{"level":"INFO","message":"[1:58:38.282 PM]: Creating new connection object"}
{"level":"INFO","message":"[1:58:38.315 PM]: Creating Connection[id: a6fc69ba-51dd-4ff4-b07a-08095957a1d1] with host: GVKNEYQ-QN19413.snowflakecomputing.com, account: GVKNEYQ-QN19413, accessUrl: https://GVKNEYQ-QN19413.snowflakecomputing.com, user: AK8827, role: SECURITYADMIN, database: undefined, schema: undefined, warehouse: COMPUTE_WH, proxy was not configured, password is provided, region: undefined, authenticator: SNOWFLAKE, ocsp mode: FAIL_OPEN, os: win32, os version: 10.0.26100"}
{"level":"INFO","message":"[1:58:38.317 PM]: Connection[id: a6fc69ba-51dd-4ff4-b07a-08095957a1d1] additional details: passcode in password is provided, passcode is not provided, private key is not provided, application: undefined, client name: snowflake-sdk, client version: 2.3.3, retry timeout: 300, private key path: undefined, private key pass is not provided, client store temporary credential: false, browser response timeout: 120000"}
{"level":"INFO","message":"[1:58:38.318 PM]: Connection[id: a6fc69ba-51dd-4ff4-b07a-08095957a1d1] - connection object created successfully."}
{"level":"INFO","message":"[1:58:38.319 PM]: Connection[id: a6fc69ba-51dd-4ff4-b07a-08095957a1d1] - connecting. Associated Snowflake domain: GLOBAL"}
{"level":"INFO","message":"[1:58:38.718 PM]: Connection[id: a6fc69ba-51dd-4ff4-b07a-08095957a1d1] - authentication successful using: SNOWFLAKE"}
{"level":"INFO","message":"[1:58:38.720 PM]: Trying to initialize Easy Logging"}
{"level":"INFO","message":"[1:58:38.741 PM]: No client config detected."}
{"level":"INFO","message":"[1:58:38.743 PM]: No config file path found. Client config will not be used."}
{"level":"INFO","message":"[1:58:38.747 PM]: Easy Logging is disabled as no config has been found"}
{"level":"INFO","message":"[1:58:42.425 PM]: Creating new connection object"}
{"level":"INFO","message":"[1:58:42.446 PM]: Creating Connection[id: 6a0f3f00-a8fa-4f6f-9e7b-3adab4df5fd6] with host: GVKNEYQ-QN19413.snowflakecomputing.com, account: GVKNEYQ-QN19413, accessUrl: https://GVKNEYQ-QN19413.snowflakecomputing.com, user: AK8827, role: SECURITYADMIN, database: undefined, schema: undefined, warehouse: COMPUTE_WH, proxy was not configured, password is provided, region: undefined, authenticator: SNOWFLAKE, ocsp mode: FAIL_OPEN, os: win32, os version: 10.0.26100"}
{"level":"INFO","message":"[1:58:42.447 PM]: Connection[id: 6a0f3f00-a8fa-4f6f-9e7b-3adab4df5fd6] additional details: passcode in password is provided, passcode is not provided, private key is not provided, application: undefined, client name: snowflake-sdk, client version: 2.3.3, retry timeout: 300, private key path: undefined, private key pass is not provided, client store temporary credential: false, browser response timeout: 120000"}
{"level":"INFO","message":"[1:58:42.449 PM]: Connection[id: 6a0f3f00-a8fa-4f6f-9e7b-3adab4df5fd6] - connection object created successfully."}
{"level":"INFO","message":"[1:58:42.450 PM]: Connection[id: 6a0f3f00-a8fa-4f6f-9e7b-3adab4df5fd6] - connecting. Associated Snowflake domain: GLOBAL"}
{"level":"INFO","message":"[1:58:42.700 PM]: Connection[id: 6a0f3f00-a8fa-4f6f-9e7b-3adab4df5fd6] - authentication successful using: SNOWFLAKE"}
{"level":"INFO","message":"[1:58:42.702 PM]: Trying to initialize Easy Logging"}
{"level":"INFO","message":"[1:58:42.719 PM]: No client config detected."}
{"level":"INFO","message":"[1:58:42.721 PM]: No config file path found. Client config will not be used."}
{"level":"INFO","message":"[1:58:42.725 PM]: Easy Logging is disabled as no config has been found"}
{"level":"INFO","message":"[1:58:45.768 PM]: Creating new connection object"}
{"level":"INFO","message":"[1:58:45.793 PM]: Creating Connection[id: 73835da9-0b46-4bba-8a14-884256f71dc8] with host: GVKNEYQ-QN19413.snowflakecomputing.com, account: GVKNEYQ-QN19413, accessUrl: https://GVKNEYQ-QN19413.snowflakecomputing.com, user: AK8827, role: SECURITYADMIN, database: undefined, schema: undefined, warehouse: COMPUTE_WH, proxy was not configured, password is provided, region: undefined, authenticator: SNOWFLAKE, ocsp mode: FAIL_OPEN, os: win32, os version: 10.0.26100"}
{"level":"INFO","message":"[1:58:45.794 PM]: Connection[id: 73835da9-0b46-4bba-8a14-884256f71dc8] additional details: passcode in password is provided, passcode is not provided, private key is not provided, application: undefined, client name: snowflake-sdk, client version: 2.3.3, retry timeout: 300, private key path: undefined, private key pass is not provided, client store temporary credential: false, browser response timeout: 120000"}
{"level":"INFO","message":"[1:58:45.796 PM]: Connection[id: 73835da9-0b46-4bba-8a14-884256f71dc8] - connection object created successfully."}
{"level":"INFO","message":"[1:58:45.797 PM]: Connection[id: 73835da9-0b46-4bba-8a14-884256f71dc8] - connecting. Associated Snowflake domain: GLOBAL"}
{"level":"INFO","message":"[1:58:46.078 PM]: Connection[id: 73835da9-0b46-4bba-8a14-884256f71dc8] - authentication successful using: SNOWFLAKE"}
{"level":"INFO","message":"[1:58:46.080 PM]: Trying to initialize Easy Logging"}
{"level":"INFO","message":"[1:58:46.113 PM]: No client config detected."}
{"level":"INFO","message":"[1:58:46.115 PM]: No config file path found. Client config will not be used."}
{"level":"INFO","message":"[1:58:46.117 PM]: Easy Logging is disabled as no config has been found"}
{"level":"INFO","message":"[1:58:56.308 PM]: Creating new connection object"}
{"level":"INFO","message":"[1:58:56.329 PM]: Creating Connection[id: 1b9afb2f-93e7-4424-b30f-13a8bce3e3f9] with host: GVKNEYQ-QN19413.snowflakecomputing.com, account: GVKNEYQ-QN19413, accessUrl: https://GVKNEYQ-QN19413.snowflakecomputing.com, user: AK8827, role: SECURITYADMIN, database: undefined, schema: undefined, warehouse: COMPUTE_WH, proxy was not configured, password is provided, region: undefined, authenticator: SNOWFLAKE, ocsp mode: FAIL_OPEN, os: win32, os version: 10.0.26100"}
{"level":"INFO","message":"[1:58:56.330 PM]: Connection[id: 1b9afb2f-93e7-4424-b30f-13a8bce3e3f9] additional details: passcode in password is provided, passcode is not provided, private key is not provided, application: undefined, client name: snowflake-sdk, client version: 2.3.3, retry timeout: 300, private key path: undefined, private key pass is not provided, client store temporary credential: false, browser response timeout: 120000"}
{"level":"INFO","message":"[1:58:56.331 PM]: Connection[id: 1b9afb2f-93e7-4424-b30f-13a8bce3e3f9] - connection object created successfully."}
{"level":"INFO","message":"[1:58:56.333 PM]: Connection[id: 1b9afb2f-93e7-4424-b30f-13a8bce3e3f9] - connecting. Associated Snowflake domain: GLOBAL"}
{"level":"INFO","message":"[1:58:56.560 PM]: Connection[id: 1b9afb2f-93e7-4424-b30f-13a8bce3e3f9] - authentication successful using: SNOWFLAKE"}
{"level":"INFO","message":"[1:58:56.562 PM]: Trying to initialize Easy Logging"}
{"level":"INFO","message":"[1:58:56.578 PM]: No client config detected."}
{"level":"INFO","message":"[1:58:56.579 PM]: No config file path found. Client config will not be used."}
{"level":"INFO","message":"[1:58:56.581 PM]: Easy Logging is disabled as no config has been found"}
{"level":"INFO","message":"[1:58:57.706 PM]: Connection[id: 1b9afb2f-93e7-4424-b30f-13a8bce3e3f9] - connection established successfully after 1373.13 milliseconds"}
{"level":"INFO","message":"[1:59:59.743 PM]: Creating new connection object"}
{"level":"INFO","message":"[1:59:59.767 PM]: Creating Connection[id: 81eac03b-b4dc-4845-a373-f93d02a87f05] with host: GVKNEYQ-QN19413.snowflakecomputing.com, account: GVKNEYQ-QN19413, accessUrl: https://GVKNEYQ-QN19413.snowflakecomputing.com, user: AK8827, role: SECURITYADMIN, database: undefined, schema: undefined, warehouse: COMPUTE_WH, proxy was not configured, password is provided, region: undefined, authenticator: SNOWFLAKE, ocsp mode: FAIL_OPEN, os: win32, os version: 10.0.26100"}
{"level":"INFO","message":"[1:59:59.768 PM]: Connection[id: 81eac03b-b4dc-4845-a373-f93d02a87f05] additional details: passcode in password is provided, passcode is not provided, private key is not provided, application: undefined, client name: snowflake-sdk, client version: 2.3.3, retry timeout: 300, private key path: undefined, private key pass is not provided, client store temporary credential: false, browser response timeout: 120000"}
{"level":"INFO","message":"[1:59:59.769 PM]: Connection[id: 81eac03b-b4dc-4845-a373-f93d02a87f05] - connection object created successfully."}
{"level":"INFO","message":"[1:59:59.770 PM]: Connection[id: 81eac03b-b4dc-4845-a373-f93d02a87f05] - connecting. Associated Snowflake domain: GLOBAL"}
{"level":"INFO","message":"[2:00:00.102 PM]: Connection[id: 81eac03b-b4dc-4845-a373-f93d02a87f05] - authentication successful using: SNOWFLAKE"}
{"level":"INFO","message":"[2:00:00.104 PM]: Trying to initialize Easy Logging"}
{"level":"INFO","message":"[2:00:01.582 PM]: No client config detected."}
{"level":"INFO","message":"[2:00:01.583 PM]: No config file path found. Client config will not be used."}
{"level":"INFO","message":"[2:00:01.584 PM]: Easy Logging is disabled as no config has been found"}
{"level":"INFO","message":"[2:00:02.897 PM]: Connection[id: 81eac03b-b4dc-4845-a373-f93d02a87f05] - connection established successfully after 3127.29 milliseconds"}
{"level":"INFO","message":"[2:00:33.054 PM]: Creating new connection object"}
{"level":"INFO","message":"[2:00:33.081 PM]: Creating Connection[id: c0c58214-1e2c-4f17-9a04-6f3a7028fa73] with host: GVKNEYQ-QN19413.snowflakecomputing.com, account: GVKNEYQ-QN19413, accessUrl: https://GVKNEYQ-QN19413.snowflakecomputing.com, user: AK8827, role: SECURITYADMIN, database: undefined, schema: undefined, warehouse: COMPUTE_WH, proxy was not configured, password is provided, region: undefined, authenticator: SNOWFLAKE, ocsp mode: FAIL_OPEN, os: win32, os version: 10.0.26100"}
{"level":"INFO","message":"[2:00:33.082 PM]: Connection[id: c0c58214-1e2c-4f17-9a04-6f3a7028fa73] additional details: passcode in password is provided, passcode is not provided, private key is not provided, application: undefined, client name: snowflake-sdk, client version: 2.3.3, retry timeout: 300, private key path: undefined, private key pass is not provided, client store temporary credential: false, browser response timeout: 120000"}
{"level":"INFO","message":"[2:00:33.083 PM]: Connection[id: c0c58214-1e2c-4f17-9a04-6f3a7028fa73] - connection object created successfully."}
{"level":"INFO","message":"[2:00:33.084 PM]: Connection[id: c0c58214-1e2c-4f17-9a04-6f3a7028fa73] - connecting. Associated Snowflake domain: GLOBAL"}
{"level":"INFO","message":"[2:00:33.102 PM]: Connection[id: c0c58214-1e2c-4f17-9a04-6f3a7028fa73] - authentication successful using: SNOWFLAKE"}
{"level":"INFO","message":"[2:00:33.103 PM]: Trying to initialize Easy Logging"}
{"level":"INFO","message":"[2:00:33.121 PM]: No client config detected."}
{"level":"INFO","message":"[2:00:33.122 PM]: No config file path found. Client config will not be used."}
{"level":"INFO","message":"[2:00:33.123 PM]: Easy Logging is disabled as no config has been found"}
{"level":"INFO","message":"[2:00:34.274 PM]: Connection[id: c0c58214-1e2c-4f17-9a04-6f3a7028fa73] - connection established successfully after 1189.61 milliseconds"}
{"level":"INFO","message":"[2:02:49.709 PM]: Creating new connection object"}
{"level":"INFO","message":"[2:02:49.730 PM]: Creating Connection[id: 4c735aff-21d4-41f2-a48f-b8a30a6651e8] with host: GVKNEYQ-QN19413.snowflakecomputing.com, account: GVKNEYQ-QN19413, accessUrl: https://GVKNEYQ-QN19413.snowflakecomputing.com, user: AK8827, role: SECURITYADMIN, database: undefined, schema: undefined, warehouse: COMPUTE_WH, proxy was not configured, password is provided, region: undefined, authenticator: SNOWFLAKE, ocsp mode: FAIL_OPEN, os: win32, os version: 10.0.26100"}
{"level":"INFO","message":"[2:02:49.731 PM]: Connection[id: 4c735aff-21d4-41f2-a48f-b8a30a6651e8] additional details: passcode in password is provided, passcode is not provided, private key is not provided, application: undefined, client name: snowflake-sdk, client version: 2.3.3, retry timeout: 300, private key path: undefined, private key pass is not provided, client store temporary credential: false, browser response timeout: 120000"}
{"level":"INFO","message":"[2:02:49.732 PM]: Connection[id: 4c735aff-21d4-41f2-a48f-b8a30a6651e8] - connection object created successfully."}
{"level":"INFO","message":"[2:02:49.733 PM]: Connection[id: 4c735aff-21d4-41f2-a48f-b8a30a6651e8] - connecting. Associated Snowflake domain: GLOBAL"}
{"level":"INFO","message":"[2:02:52.178 PM]: Connection[id: 4c735aff-21d4-41f2-a48f-b8a30a6651e8] - authentication successful using: SNOWFLAKE"}
{"level":"INFO","message":"[2:02:52.180 PM]: Trying to initialize Easy Logging"}
{"level":"INFO","message":"[2:02:52.196 PM]: No client config detected."}
{"level":"INFO","message":"[2:02:52.197 PM]: No config file path found. Client config will not be used."}
{"level":"INFO","message":"[2:02:52.199 PM]: Easy Logging is disabled as no config has been found"}
{"level":"INFO","message":"[2:02:53.315 PM]: Connection[id: 4c735aff-21d4-41f2-a48f-b8a30a6651e8] - connection established successfully after 3581.73 milliseconds"}
{"level":"INFO","message":"[2:08:51.656 PM]: Creating new connection object"}
{"level":"INFO","message":"[2:08:51.684 PM]: Creating Connection[id: 965c7aa3-d942-49b3-96bd-2adb6e41268c] with host: GVKNEYQ-QN19413.snowflakecomputing.com, account: GVKNEYQ-QN19413, accessUrl: https://GVKNEYQ-QN19413.snowflakecomputing.com, user: AK8827, role: SECURITYADMIN, database: undefined, schema: undefined, warehouse: COMPUTE_WH, proxy was not configured, password is provided, region: undefined, authenticator: SNOWFLAKE, ocsp mode: FAIL_OPEN, os: win32, os version: 10.0.26100"}
{"level":"INFO","message":"[2:08:51.687 PM]: Connection[id: 965c7aa3-d942-49b3-96bd-2adb6e41268c] additional details: passcode in password is provided, passcode is not provided, private key is not provided, application: undefined, client name: snowflake-sdk, client version: 2.3.3, retry timeout: 300, private key path: undefined, private key pass is not provided, client store temporary credential: false, browser response timeout: 120000"}
{"level":"INFO","message":"[2:08:51.688 PM]: Connection[id: 965c7aa3-d942-49b3-96bd-2adb6e41268c] - connection object created successfully."}
{"level":"INFO","message":"[2:08:51.689 PM]: Connection[id: 965c7aa3-d942-49b3-96bd-2adb6e41268c] - connecting. Associated Snowflake domain: GLOBAL"}
{"level":"INFO","message":"[2:08:53.966 PM]: Connection[id: 965c7aa3-d942-49b3-96bd-2adb6e41268c] - authentication successful using: SNOWFLAKE"}
{"level":"INFO","message":"[2:08:53.969 PM]: Trying to initialize Easy Logging"}
{"level":"INFO","message":"[2:08:53.985 PM]: No client config detected."}
{"level":"INFO","message":"[2:08:53.986 PM]: No config file path found. Client config will not be used."}
{"level":"INFO","message":"[2:08:53.987 PM]: Easy Logging is disabled as no config has been found"}
{"level":"INFO","message":"[2:08:55.234 PM]: Connection[id: 965c7aa3-d942-49b3-96bd-2adb6e41268c] - connection established successfully after 3545.12 milliseconds"}
{"level":"INFO","message":"[2:18:42.091 PM]: Creating new connection object"}
{"level":"INFO","message":"[2:18:42.112 PM]: Creating Connection[id: e828e10b-0c7a-4abf-9f73-c4ed830fbb83] with host: GVKNEYQ-QN19413.snowflakecomputing.com, account: GVKNEYQ-QN19413, accessUrl: https://GVKNEYQ-QN19413.snowflakecomputing.com, user: AK8827, role: SECURITYADMIN, database: undefined, schema: undefined, warehouse: COMPUTE_WH, proxy was not configured, password is provided, region: undefined, authenticator: SNOWFLAKE, ocsp mode: FAIL_OPEN, os: win32, os version: 10.0.26100"}
{"level":"INFO","message":"[2:18:42.114 PM]: Connection[id: e828e10b-0c7a-4abf-9f73-c4ed830fbb83] additional details: passcode in password is provided, passcode is not provided, private key is not provided, application: undefined, client name: snowflake-sdk, client version: 2.3.3, retry timeout: 300, private key path: undefined, private key pass is not provided, client store temporary credential: false, browser response timeout: 120000"}
{"level":"INFO","message":"[2:18:42.115 PM]: Connection[id: e828e10b-0c7a-4abf-9f73-c4ed830fbb83] - connection object created successfully."}
{"level":"INFO","message":"[2:18:42.116 PM]: Connection[id: e828e10b-0c7a-4abf-9f73-c4ed830fbb83] - connecting. Associated Snowflake domain: GLOBAL"}
{"level":"INFO","message":"[2:18:45.047 PM]: Connection[id: e828e10b-0c7a-4abf-9f73-c4ed830fbb83] - authentication successful using: SNOWFLAKE"}
{"level":"INFO","message":"[2:18:45.049 PM]: Trying to initialize Easy Logging"}
{"level":"INFO","message":"[2:18:45.061 PM]: No client config detected."}
{"level":"INFO","message":"[2:18:45.062 PM]: No config file path found. Client config will not be used."}
{"level":"INFO","message":"[2:18:45.063 PM]: Easy Logging is disabled as no config has been found"}
{"level":"INFO","message":"[2:18:46.250 PM]: Connection[id: e828e10b-0c7a-4abf-9f73-c4ed830fbb83] - connection established successfully after 4133.94 milliseconds"}
{"level":"INFO","message":"[2:18:56.987 PM]: Creating new connection object"}
{"level":"INFO","message":"[2:18:57.020 PM]: Creating Connection[id: c2e347f3-a4e6-4c9d-a38a-a5222720c119] with host: GVKNEYQ-QN19413.snowflakecomputing.com, account: GVKNEYQ-QN19413, accessUrl: https://GVKNEYQ-QN19413.snowflakecomputing.com, user: AK8827, role: SECURITYADMIN, database: undefined, schema: undefined, warehouse: COMPUTE_WH, proxy was not configured, password is provided, region: undefined, authenticator: SNOWFLAKE, ocsp mode: FAIL_OPEN, os: win32, os version: 10.0.26100"}
{"level":"INFO","message":"[2:18:57.023 PM]: Connection[id: c2e347f3-a4e6-4c9d-a38a-a5222720c119] additional details: passcode in password is provided, passcode is not provided, private key is not provided, application: undefined, client name: snowflake-sdk, client version: 2.3.3, retry timeout: 300, private key path: undefined, private key pass is not provided, client store temporary credential: false, browser response timeout: 120000"}
{"level":"INFO","message":"[2:18:57.026 PM]: Connection[id: c2e347f3-a4e6-4c9d-a38a-a5222720c119] - connection object created successfully."}
{"level":"INFO","message":"[2:18:57.027 PM]: Connection[id: c2e347f3-a4e6-4c9d-a38a-a5222720c119] - connecting. Associated Snowflake domain: GLOBAL"}
{"level":"INFO","message":"[2:19:03.555 PM]: Connection[id: c2e347f3-a4e6-4c9d-a38a-a5222720c119] - authentication successful using: SNOWFLAKE"}
{"level":"INFO","message":"[2:19:03.557 PM]: Trying to initialize Easy Logging"}
{"level":"INFO","message":"[2:19:03.574 PM]: No client config detected."}
{"level":"INFO","message":"[2:19:03.576 PM]: No config file path found. Client config will not be used."}
{"level":"INFO","message":"[2:19:03.579 PM]: Easy Logging is disabled as no config has been found"}
{"level":"INFO","message":"[2:19:04.645 PM]: Connection[id: c2e347f3-a4e6-4c9d-a38a-a5222720c119] - connection established successfully after 7618.13 milliseconds"}
{"level":"INFO","message":"[2:23:22.006 PM]: Creating new connection object"}
{"level":"INFO","message":"[2:23:22.038 PM]: Creating Connection[id: cbbff6a6-5fb9-4ab9-bf18-41c8c2b08901] with host: GVKNEYQ-QN19413.snowflakecomputing.com, account: GVKNEYQ-QN19413, accessUrl: https://GVKNEYQ-QN19413.snowflakecomputing.com, user: AK8827, role: SECURITYADMIN, database: undefined, schema: undefined, warehouse: COMPUTE_WH, proxy was not configured, password is provided, region: undefined, authenticator: SNOWFLAKE, ocsp mode: FAIL_OPEN, os: win32, os version: 10.0.26100"}
{"level":"INFO","message":"[2:23:22.040 PM]: Connection[id: cbbff6a6-5fb9-4ab9-bf18-41c8c2b08901] additional details: passcode in password is provided, passcode is not provided, private key is not provided, application: undefined, client name: snowflake-sdk, client version: 2.3.3, retry timeout: 300, private key path: undefined, private key pass is not provided, client store temporary credential: false, browser response timeout: 120000"}
{"level":"INFO","message":"[2:23:22.042 PM]: Connection[id: cbbff6a6-5fb9-4ab9-bf18-41c8c2b08901] - connection object created successfully."}
{"level":"INFO","message":"[2:23:22.043 PM]: Connection[id: cbbff6a6-5fb9-4ab9-bf18-41c8c2b08901] - connecting. Associated Snowflake domain: GLOBAL"}
{"level":"INFO","message":"[2:23:24.337 PM]: Connection[id: cbbff6a6-5fb9-4ab9-bf18-41c8c2b08901] - authentication successful using: SNOWFLAKE"}
{"level":"INFO","message":"[2:23:24.340 PM]: Trying to initialize Easy Logging"}
{"level":"INFO","message":"[2:23:24.359 PM]: No client config detected."}
{"level":"INFO","message":"[2:23:24.360 PM]: No config file path found. Client config will not be used."}
{"level":"INFO","message":"[2:23:24.362 PM]: Easy Logging is disabled as no config has been found"}
{"level":"INFO","message":"[2:23:25.733 PM]: Connection[id: cbbff6a6-5fb9-4ab9-bf18-41c8c2b08901] - connection established successfully after 3690.67 milliseconds"}
{"level":"INFO","message":"[2:45:34.823 PM]: Creating new connection object"}
{"level":"INFO","message":"[2:45:34.839 PM]: Creating Connection[id: eec8824e-5775-42ce-898a-61c6936f7732] with host: GVKNEYQ-QN19413.snowflakecomputing.com, account: GVKNEYQ-QN19413, accessUrl: https://GVKNEYQ-QN19413.snowflakecomputing.com, user: AK8827, role: SECURITYADMIN, database: undefined, schema: undefined, warehouse: COMPUTE_WH, proxy was not configured, password is provided, region: undefined, authenticator: SNOWFLAKE, ocsp mode: FAIL_OPEN, os: win32, os version: 10.0.26100"}
{"level":"INFO","message":"[2:45:34.840 PM]: Connection[id: eec8824e-5775-42ce-898a-61c6936f7732] additional details: passcode in password is provided, passcode is not provided, private key is not provided, application: undefined, client name: snowflake-sdk, client version: 2.3.3, retry timeout: 300, private key path: undefined, private key pass is not provided, client store temporary credential: false, browser response timeout: 120000"}
{"level":"INFO","message":"[2:45:34.841 PM]: Connection[id: eec8824e-5775-42ce-898a-61c6936f7732] - connection object created successfully."}
{"level":"INFO","message":"[2:45:34.842 PM]: Connection[id: eec8824e-5775-42ce-898a-61c6936f7732] - connecting. Associated Snowflake domain: GLOBAL"}
{"level":"INFO","message":"[2:45:34.849 PM]: Connection[id: eec8824e-5775-42ce-898a-61c6936f7732] - authentication successful using: SNOWFLAKE"}
{"level":"INFO","message":"[2:45:34.851 PM]: Trying to initialize Easy Logging"}
{"level":"INFO","message":"[2:45:34.856 PM]: No client config detected."}
{"level":"INFO","message":"[2:45:34.857 PM]: No config file path found. Client config will not be used."}
{"level":"INFO","message":"[2:45:34.858 PM]: Easy Logging is disabled as no config has been found"}
{"level":"INFO","message":"[2:45:35.860 PM]: Connection[id: eec8824e-5775-42ce-898a-61c6936f7732] - connection established successfully after 1018.42 milliseconds"}
{"level":"INFO","message":"[2:46:11.359 PM]: Creating new connection object"}
{"level":"INFO","message":"[2:46:11.406 PM]: Creating Connection[id: 05a2cc61-5c19-43ff-9e80-f88845f48114] with host: GVKNEYQ-QN19413.snowflakecomputing.com, account: GVKNEYQ-QN19413, accessUrl: https://GVKNEYQ-QN19413.snowflakecomputing.com, user: AK8827, role: SECURITYADMIN, database: undefined, schema: undefined, warehouse: COMPUTE_WH, proxy was not configured, password is provided, region: undefined, authenticator: SNOWFLAKE, ocsp mode: FAIL_OPEN, os: win32, os version: 10.0.26100"}
{"level":"INFO","message":"[2:46:11.407 PM]: Connection[id: 05a2cc61-5c19-43ff-9e80-f88845f48114] additional details: passcode in password is provided, passcode is not provided, private key is not provided, application: undefined, client name: snowflake-sdk, client version: 2.3.3, retry timeout: 300, private key path: undefined, private key pass is not provided, client store temporary credential: false, browser response timeout: 120000"}
{"level":"INFO","message":"[2:46:11.408 PM]: Connection[id: 05a2cc61-5c19-43ff-9e80-f88845f48114] - connection object created successfully."}
{"level":"INFO","message":"[2:46:11.409 PM]: Connection[id: 05a2cc61-5c19-43ff-9e80-f88845f48114] - connecting. Associated Snowflake domain: GLOBAL"}
{"level":"INFO","message":"[2:46:11.441 PM]: Connection[id: 05a2cc61-5c19-43ff-9e80-f88845f48114] - authentication successful using: SNOWFLAKE"}
{"level":"INFO","message":"[2:46:11.443 PM]: Trying to initialize Easy Logging"}
{"level":"INFO","message":"[2:46:11.454 PM]: No client config detected."}
{"level":"INFO","message":"[2:46:11.455 PM]: No config file path found. Client config will not be used."}
{"level":"INFO","message":"[2:46:11.458 PM]: Easy Logging is disabled as no config has been found"}
{"level":"INFO","message":"[2:46:14.839 PM]: Creating new connection object"}
{"level":"INFO","message":"[2:46:14.856 PM]: Creating Connection[id: 912f9001-1d4b-4112-b631-f1bf11b6089d] with host: GVKNEYQ-QN19413.snowflakecomputing.com, account: GVKNEYQ-QN19413, accessUrl: https://GVKNEYQ-QN19413.snowflakecomputing.com, user: AK8827, role: SECURITYADMIN, database: undefined, schema: undefined, warehouse: COMPUTE_WH, proxy was not configured, password is provided, region: undefined, authenticator: SNOWFLAKE, ocsp mode: FAIL_OPEN, os: win32, os version: 10.0.26100"}
{"level":"INFO","message":"[2:46:14.857 PM]: Connection[id: 912f9001-1d4b-4112-b631-f1bf11b6089d] additional details: passcode in password is provided, passcode is not provided, private key is not provided, application: undefined, client name: snowflake-sdk, client version: 2.3.3, retry timeout: 300, private key path: undefined, private key pass is not provided, client store temporary credential: false, browser response timeout: 120000"}
{"level":"INFO","message":"[2:46:14.858 PM]: Connection[id: 912f9001-1d4b-4112-b631-f1bf11b6089d] - connection object created successfully."}
{"level":"INFO","message":"[2:46:14.859 PM]: Connection[id: 912f9001-1d4b-4112-b631-f1bf11b6089d] - connecting. Associated Snowflake domain: GLOBAL"}
{"level":"INFO","message":"[2:46:14.869 PM]: Connection[id: 912f9001-1d4b-4112-b631-f1bf11b6089d] - authentication successful using: SNOWFLAKE"}
{"level":"INFO","message":"[2:46:14.870 PM]: Trying to initialize Easy Logging"}
{"level":"INFO","message":"[2:46:14.877 PM]: No client config detected."}
{"level":"INFO","message":"[2:46:14.878 PM]: No config file path found. Client config will not be used."}
{"level":"INFO","message":"[2:46:14.879 PM]: Easy Logging is disabled as no config has been found"}
{"level":"INFO","message":"[2:46:15.474 PM]: Connection[id: 912f9001-1d4b-4112-b631-f1bf11b6089d] - connection established successfully after 615.18 milliseconds"}
{"level":"INFO","message":"[2:46:17.997 PM]: Creating new connection object"}
{"level":"INFO","message":"[2:46:18.015 PM]: Creating Connection[id: 2d566975-d952-43f5-9867-ae1fe2e5e4bc] with host: GVKNEYQ-QN19413.snowflakecomputing.com, account: GVKNEYQ-QN19413, accessUrl: https://GVKNEYQ-QN19413.snowflakecomputing.com, user: AK8827, role: SECURITYADMIN, database: undefined, schema: undefined, warehouse: COMPUTE_WH, proxy was not configured, password is provided, region: undefined, authenticator: SNOWFLAKE, ocsp mode: FAIL_OPEN, os: win32, os version: 10.0.26100"}
{"level":"INFO","message":"[2:46:18.016 PM]: Connection[id: 2d566975-d952-43f5-9867-ae1fe2e5e4bc] additional details: passcode in password is provided, passcode is not provided, private key is not provided, application: undefined, client name: snowflake-sdk, client version: 2.3.3, retry timeout: 300, private key path: undefined, private key pass is not provided, client store temporary credential: false, browser response timeout: 120000"}
{"level":"INFO","message":"[2:46:18.017 PM]: Connection[id: 2d566975-d952-43f5-9867-ae1fe2e5e4bc] - connection object created successfully."}
{"level":"INFO","message":"[2:46:18.018 PM]: Connection[id: 2d566975-d952-43f5-9867-ae1fe2e5e4bc] - connecting. Associated Snowflake domain: GLOBAL"}
{"level":"INFO","message":"[2:46:18.031 PM]: Connection[id: 2d566975-d952-43f5-9867-ae1fe2e5e4bc] - authentication successful using: SNOWFLAKE"}
{"level":"INFO","message":"[2:46:18.032 PM]: Trying to initialize Easy Logging"}
{"level":"INFO","message":"[2:46:18.041 PM]: No client config detected."}
{"level":"INFO","message":"[2:46:18.041 PM]: No config file path found. Client config will not be used."}
{"level":"INFO","message":"[2:46:18.042 PM]: Easy Logging is disabled as no config has been found"}
{"level":"INFO","message":"[2:46:18.844 PM]: Connection[id: 2d566975-d952-43f5-9867-ae1fe2e5e4bc] - connection established successfully after 825.8 milliseconds"}
{"level":"INFO","message":"[2:46:22.594 PM]: Creating new connection object"}
{"level":"INFO","message":"[2:46:22.615 PM]: Creating Connection[id: a329674d-0f79-4304-910f-f1bb0454630d] with host: GVKNEYQ-QN19413.snowflakecomputing.com, account: GVKNEYQ-QN19413, accessUrl: https://GVKNEYQ-QN19413.snowflakecomputing.com, user: AK8827, role: SECURITYADMIN, database: undefined, schema: undefined, warehouse: COMPUTE_WH, proxy was not configured, password is provided, region: undefined, authenticator: SNOWFLAKE, ocsp mode: FAIL_OPEN, os: win32, os version: 10.0.26100"}
{"level":"INFO","message":"[2:46:22.616 PM]: Connection[id: a329674d-0f79-4304-910f-f1bb0454630d] additional details: passcode in password is provided, passcode is not provided, private key is not provided, application: undefined, client name: snowflake-sdk, client version: 2.3.3, retry timeout: 300, private key path: undefined, private key pass is not provided, client store temporary credential: false, browser response timeout: 120000"}
{"level":"INFO","message":"[2:46:22.617 PM]: Connection[id: a329674d-0f79-4304-910f-f1bb0454630d] - connection object created successfully."}
{"level":"INFO","message":"[2:46:22.618 PM]: Connection[id: a329674d-0f79-4304-910f-f1bb0454630d] - connecting. Associated Snowflake domain: GLOBAL"}
{"level":"INFO","message":"[2:46:22.626 PM]: Connection[id: a329674d-0f79-4304-910f-f1bb0454630d] - authentication successful using: SNOWFLAKE"}
{"level":"INFO","message":"[2:46:22.627 PM]: Trying to initialize Easy Logging"}
{"level":"INFO","message":"[2:46:22.634 PM]: No client config detected."}
{"level":"INFO","message":"[2:46:22.636 PM]: No config file path found. Client config will not be used."}
{"level":"INFO","message":"[2:46:22.636 PM]: Easy Logging is disabled as no config has been found"}
{"level":"INFO","message":"[2:46:23.237 PM]: Connection[id: a329674d-0f79-4304-910f-f1bb0454630d] - connection established successfully after 618.98 milliseconds"}
{"level":"INFO","message":"[2:48:26.736 PM]: Creating new connection object"}
{"level":"INFO","message":"[2:48:26.757 PM]: Creating Connection[id: 6223fd1f-352c-406d-a3cb-38013940c09b] with host: GVKNEYQ-QN19413.snowflakecomputing.com, account: GVKNEYQ-QN19413, accessUrl: https://GVKNEYQ-QN19413.snowflakecomputing.com, user: AK8827, role: SECURITYADMIN, database: undefined, schema: undefined, warehouse: COMPUTE_WH, proxy was not configured, password is provided, region: undefined, authenticator: SNOWFLAKE, ocsp mode: FAIL_OPEN, os: win32, os version: 10.0.26100"}
{"level":"INFO","message":"[2:48:26.758 PM]: Connection[id: 6223fd1f-352c-406d-a3cb-38013940c09b] additional details: passcode in password is provided, passcode is not provided, private key is not provided, application: undefined, client name: snowflake-sdk, client version: 2.3.3, retry timeout: 300, private key path: undefined, private key pass is not provided, client store temporary credential: false, browser response timeout: 120000"}
{"level":"INFO","message":"[2:48:26.759 PM]: Connection[id: 6223fd1f-352c-406d-a3cb-38013940c09b] - connection object created successfully."}
{"level":"INFO","message":"[2:48:26.761 PM]: Connection[id: 6223fd1f-352c-406d-a3cb-38013940c09b] - connecting. Associated Snowflake domain: GLOBAL"}
{"level":"INFO","message":"[2:48:26.771 PM]: Connection[id: 6223fd1f-352c-406d-a3cb-38013940c09b] - authentication successful using: SNOWFLAKE"}
{"level":"INFO","message":"[2:48:26.773 PM]: Trying to initialize Easy Logging"}
{"level":"INFO","message":"[2:48:26.782 PM]: No client config detected."}
{"level":"INFO","message":"[2:48:26.785 PM]: No config file path found. Client config will not be used."}
{"level":"INFO","message":"[2:48:26.787 PM]: Easy Logging is disabled as no config has been found"}
{"level":"INFO","message":"[2:48:27.806 PM]: Connection[id: 6223fd1f-352c-406d-a3cb-38013940c09b] - connection established successfully after 1045.55 milliseconds"}
{"level":"INFO","message":"[2:50:23.589 PM]: Creating new connection object"}
{"level":"INFO","message":"[2:50:23.610 PM]: Creating Connection[id: 0aadf00e-0534-4cdb-af31-dad75e0fea95] with host: GVKNEYQ-QN19413.snowflakecomputing.com, account: GVKNEYQ-QN19413, accessUrl: https://GVKNEYQ-QN19413.snowflakecomputing.com, user: AK8827, role: SECURITYADMIN, database: undefined, schema: undefined, warehouse: COMPUTE_WH, proxy was not configured, password is provided, region: undefined, authenticator: SNOWFLAKE, ocsp mode: FAIL_OPEN, os: win32, os version: 10.0.26100"}
{"level":"INFO","message":"[2:50:23.611 PM]: Connection[id: 0aadf00e-0534-4cdb-af31-dad75e0fea95] additional details: passcode in password is provided, passcode is not provided, private key is not provided, application: undefined, client name: snowflake-sdk, client version: 2.3.3, retry timeout: 300, private key path: undefined, private key pass is not provided, client store temporary credential: false, browser response timeout: 120000"}
{"level":"INFO","message":"[2:50:23.612 PM]: Connection[id: 0aadf00e-0534-4cdb-af31-dad75e0fea95] - connection object created successfully."}
{"level":"INFO","message":"[2:50:23.613 PM]: Connection[id: 0aadf00e-0534-4cdb-af31-dad75e0fea95] - connecting. Associated Snowflake domain: GLOBAL"}
{"level":"INFO","message":"[2:50:23.624 PM]: Connection[id: 0aadf00e-0534-4cdb-af31-dad75e0fea95] - authentication successful using: SNOWFLAKE"}
{"level":"INFO","message":"[2:50:23.626 PM]: Trying to initialize Easy Logging"}
{"level":"INFO","message":"[2:50:23.636 PM]: No client config detected."}
{"level":"INFO","message":"[2:50:23.637 PM]: No config file path found. Client config will not be used."}
{"level":"INFO","message":"[2:50:23.639 PM]: Easy Logging is disabled as no config has been found"}
{"level":"INFO","message":"[2:50:24.630 PM]: Connection[id: 0aadf00e-0534-4cdb-af31-dad75e0fea95] - connection established successfully after 1016.5 milliseconds"}
{"level":"INFO","message":"[2:50:42.354 PM]: Creating new connection object"}
{"level":"INFO","message":"[2:50:42.372 PM]: Creating Connection[id: 5d83d340-cfd4-4598-8bee-54099523d7be] with host: GVKNEYQ-QN19413.snowflakecomputing.com, account: GVKNEYQ-QN19413, accessUrl: https://GVKNEYQ-QN19413.snowflakecomputing.com, user: AK8827, role: SECURITYADMIN, database: undefined, schema: undefined, warehouse: COMPUTE_WH, proxy was not configured, password is provided, region: undefined, authenticator: SNOWFLAKE, ocsp mode: FAIL_OPEN, os: win32, os version: 10.0.26100"}
{"level":"INFO","message":"[2:50:42.373 PM]: Connection[id: 5d83d340-cfd4-4598-8bee-54099523d7be] additional details: passcode in password is provided, passcode is not provided, private key is not provided, application: undefined, client name: snowflake-sdk, client version: 2.3.3, retry timeout: 300, private key path: undefined, private key pass is not provided, client store temporary credential: false, browser response timeout: 120000"}
{"level":"INFO","message":"[2:50:42.375 PM]: Connection[id: 5d83d340-cfd4-4598-8bee-54099523d7be] - connection object created successfully."}
{"level":"INFO","message":"[2:50:42.376 PM]: Connection[id: 5d83d340-cfd4-4598-8bee-54099523d7be] - connecting. Associated Snowflake domain: GLOBAL"}
{"level":"INFO","message":"[2:50:42.386 PM]: Connection[id: 5d83d340-cfd4-4598-8bee-54099523d7be] - authentication successful using: SNOWFLAKE"}
{"level":"INFO","message":"[2:50:42.387 PM]: Trying to initialize Easy Logging"}
{"level":"INFO","message":"[2:50:42.392 PM]: No client config detected."}
{"level":"INFO","message":"[2:50:42.394 PM]: No config file path found. Client config will not be used."}
{"level":"INFO","message":"[2:50:42.395 PM]: Easy Logging is disabled as no config has been found"}
{"level":"INFO","message":"[2:50:44.857 PM]: Creating new connection object"}
{"level":"INFO","message":"[2:50:44.873 PM]: Creating Connection[id: 150a3a8e-22b6-427c-8ea4-aa2f8ecdb9e7] with host: GVKNEYQ-QN19413.snowflakecomputing.com, account: GVKNEYQ-QN19413, accessUrl: https://GVKNEYQ-QN19413.snowflakecomputing.com, user: AK8827, role: SECURITYADMIN, database: undefined, schema: undefined, warehouse: COMPUTE_WH, proxy was not configured, password is provided, region: undefined, authenticator: SNOWFLAKE, ocsp mode: FAIL_OPEN, os: win32, os version: 10.0.26100"}
{"level":"INFO","message":"[2:50:44.874 PM]: Connection[id: 150a3a8e-22b6-427c-8ea4-aa2f8ecdb9e7] additional details: passcode in password is provided, passcode is not provided, private key is not provided, application: undefined, client name: snowflake-sdk, client version: 2.3.3, retry timeout: 300, private key path: undefined, private key pass is not provided, client store temporary credential: false, browser response timeout: 120000"}
{"level":"INFO","message":"[2:50:44.875 PM]: Connection[id: 150a3a8e-22b6-427c-8ea4-aa2f8ecdb9e7] - connection object created successfully."}
{"level":"INFO","message":"[2:50:44.876 PM]: Connection[id: 150a3a8e-22b6-427c-8ea4-aa2f8ecdb9e7] - connecting. Associated Snowflake domain: GLOBAL"}
{"level":"INFO","message":"[2:50:44.888 PM]: Connection[id: 150a3a8e-22b6-427c-8ea4-aa2f8ecdb9e7] - authentication successful using: SNOWFLAKE"}
{"level":"INFO","message":"[2:50:44.889 PM]: Trying to initialize Easy Logging"}
{"level":"INFO","message":"[2:50:44.895 PM]: No client config detected."}
{"level":"INFO","message":"[2:50:44.896 PM]: No config file path found. Client config will not be used."}
{"level":"INFO","message":"[2:50:44.899 PM]: Easy Logging is disabled as no config has been found"}
{"level":"INFO","message":"[2:50:45.469 PM]: Connection[id: 150a3a8e-22b6-427c-8ea4-aa2f8ecdb9e7] - connection established successfully after 593.29 milliseconds"}
{"level":"INFO","message":"[2:54:20.762 PM]: Creating new connection object"}
{"level":"INFO","message":"[2:54:20.791 PM]: Creating Connection[id: 4c8c44d4-dc5b-48ce-a267-f3a9a8266ad4] with host: GVKNEYQ-QN19413.snowflakecomputing.com, account: GVKNEYQ-QN19413, accessUrl: https://GVKNEYQ-QN19413.snowflakecomputing.com, user: AK8827, role: SECURITYADMIN, database: undefined, schema: undefined, warehouse: COMPUTE_WH, proxy was not configured, password is provided, region: undefined, authenticator: SNOWFLAKE, ocsp mode: FAIL_OPEN, os: win32, os version: 10.0.26100"}
{"level":"INFO","message":"[2:54:20.793 PM]: Connection[id: 4c8c44d4-dc5b-48ce-a267-f3a9a8266ad4] additional details: passcode in password is provided, passcode is not provided, private key is not provided, application: undefined, client name: snowflake-sdk, client version: 2.3.3, retry timeout: 300, private key path: undefined, private key pass is not provided, client store temporary credential: false, browser response timeout: 120000"}
{"level":"INFO","message":"[2:54:20.794 PM]: Connection[id: 4c8c44d4-dc5b-48ce-a267-f3a9a8266ad4] - connection object created successfully."}
{"level":"INFO","message":"[2:54:20.795 PM]: Connection[id: 4c8c44d4-dc5b-48ce-a267-f3a9a8266ad4] - connecting. Associated Snowflake domain: GLOBAL"}
{"level":"INFO","message":"[2:54:20.803 PM]: Connection[id: 4c8c44d4-dc5b-48ce-a267-f3a9a8266ad4] - authentication successful using: SNOWFLAKE"}
{"level":"INFO","message":"[2:54:20.805 PM]: Trying to initialize Easy Logging"}
{"level":"INFO","message":"[2:54:20.815 PM]: No client config detected."}
{"level":"INFO","message":"[2:54:20.816 PM]: No config file path found. Client config will not be used."}
{"level":"INFO","message":"[2:54:20.817 PM]: Easy Logging is disabled as no config has been found"}
{"level":"INFO","message":"[2:54:21.955 PM]: Connection[id: 4c8c44d4-dc5b-48ce-a267-f3a9a8266ad4] - connection established successfully after 1159.57 milliseconds"}
{"level":"INFO","message":"[2:54:56.353 PM]: Creating new connection object"}
{"level":"INFO","message":"[2:54:56.411 PM]: Creating Connection[id: 24621b35-9f64-45b6-8bb6-d05ace70fca7] with host: GVKNEYQ-QN19413.snowflakecomputing.com, account: GVKNEYQ-QN19413, accessUrl: https://GVKNEYQ-QN19413.snowflakecomputing.com, user: AK8827, role: SECURITYADMIN, database: undefined, schema: undefined, warehouse: COMPUTE_WH, proxy was not configured, password is provided, region: undefined, authenticator: SNOWFLAKE, ocsp mode: FAIL_OPEN, os: win32, os version: 10.0.26100"}
{"level":"INFO","message":"[2:54:56.413 PM]: Connection[id: 24621b35-9f64-45b6-8bb6-d05ace70fca7] additional details: passcode in password is provided, passcode is not provided, private key is not provided, application: undefined, client name: snowflake-sdk, client version: 2.3.3, retry timeout: 300, private key path: undefined, private key pass is not provided, client store temporary credential: false, browser response timeout: 120000"}
{"level":"INFO","message":"[2:54:56.414 PM]: Connection[id: 24621b35-9f64-45b6-8bb6-d05ace70fca7] - connection object created successfully."}
{"level":"INFO","message":"[2:54:56.415 PM]: Connection[id: 24621b35-9f64-45b6-8bb6-d05ace70fca7] - connecting. Associated Snowflake domain: GLOBAL"}
{"level":"INFO","message":"[2:54:56.429 PM]: Connection[id: 24621b35-9f64-45b6-8bb6-d05ace70fca7] - authentication successful using: SNOWFLAKE"}
{"level":"INFO","message":"[2:54:56.432 PM]: Trying to initialize Easy Logging"}
{"level":"INFO","message":"[2:54:56.436 PM]: No client config detected."}
{"level":"INFO","message":"[2:54:56.437 PM]: No config file path found. Client config will not be used."}
{"level":"INFO","message":"[2:54:56.438 PM]: Easy Logging is disabled as no config has been found"}
{"level":"INFO","message":"[2:54:57.552 PM]: Connection[id: 24621b35-9f64-45b6-8bb6-d05ace70fca7] - connection established successfully after 1137.44 milliseconds"}
{"level":"INFO","message":"[2:55:07.476 PM]: Creating new connection object"}
{"level":"INFO","message":"[2:55:07.498 PM]: Creating Connection[id: a20abbe7-1e8d-4fde-bda4-f40380dd9194] with host: GVKNEYQ-QN19413.snowflakecomputing.com, account: GVKNEYQ-QN19413, accessUrl: https://GVKNEYQ-QN19413.snowflakecomputing.com, user: AK8827, role: SECURITYADMIN, database: undefined, schema: undefined, warehouse: COMPUTE_WH, proxy was not configured, password is provided, region: undefined, authenticator: SNOWFLAKE, ocsp mode: FAIL_OPEN, os: win32, os version: 10.0.26100"}
{"level":"INFO","message":"[2:55:07.502 PM]: Connection[id: a20abbe7-1e8d-4fde-bda4-f40380dd9194] additional details: passcode in password is provided, passcode is not provided, private key is not provided, application: undefined, client name: snowflake-sdk, client version: 2.3.3, retry timeout: 300, private key path: undefined, private key pass is not provided, client store temporary credential: false, browser response timeout: 120000"}
{"level":"INFO","message":"[2:55:07.505 PM]: Connection[id: a20abbe7-1e8d-4fde-bda4-f40380dd9194] - connection object created successfully."}
{"level":"INFO","message":"[2:55:07.509 PM]: Connection[id: a20abbe7-1e8d-4fde-bda4-f40380dd9194] - connecting. Associated Snowflake domain: GLOBAL"}
{"level":"INFO","message":"[2:55:07.524 PM]: Connection[id: a20abbe7-1e8d-4fde-bda4-f40380dd9194] - authentication successful using: SNOWFLAKE"}
{"level":"INFO","message":"[2:55:07.527 PM]: Trying to initialize Easy Logging"}
{"level":"INFO","message":"[2:55:07.535 PM]: No client config detected."}
{"level":"INFO","message":"[2:55:07.535 PM]: No config file path found. Client config will not be used."}
{"level":"INFO","message":"[2:55:07.537 PM]: Easy Logging is disabled as no config has been found"}
{"level":"INFO","message":"[2:55:08.398 PM]: Connection[id: a20abbe7-1e8d-4fde-bda4-f40380dd9194] - connection established successfully after 888.2 milliseconds"}
{"level":"INFO","message":"[2:55:09.948 PM]: Creating new connection object"}
{"level":"INFO","message":"[2:55:09.968 PM]: Creating Connection[id: 5ab3307b-3ef5-4f2f-b981-1ddee76a56ed] with host: GVKNEYQ-QN19413.snowflakecomputing.com, account: GVKNEYQ-QN19413, accessUrl: https://GVKNEYQ-QN19413.snowflakecomputing.com, user: AK8827, role: SECURITYADMIN, database: undefined, schema: undefined, warehouse: COMPUTE_WH, proxy was not configured, password is provided, region: undefined, authenticator: SNOWFLAKE, ocsp mode: FAIL_OPEN, os: win32, os version: 10.0.26100"}
{"level":"INFO","message":"[2:55:09.969 PM]: Connection[id: 5ab3307b-3ef5-4f2f-b981-1ddee76a56ed] additional details: passcode in password is provided, passcode is not provided, private key is not provided, application: undefined, client name: snowflake-sdk, client version: 2.3.3, retry timeout: 300, private key path: undefined, private key pass is not provided, client store temporary credential: false, browser response timeout: 120000"}
{"level":"INFO","message":"[2:55:09.970 PM]: Connection[id: 5ab3307b-3ef5-4f2f-b981-1ddee76a56ed] - connection object created successfully."}
{"level":"INFO","message":"[2:55:09.972 PM]: Connection[id: 5ab3307b-3ef5-4f2f-b981-1ddee76a56ed] - connecting. Associated Snowflake domain: GLOBAL"}
{"level":"INFO","message":"[2:55:09.987 PM]: Connection[id: 5ab3307b-3ef5-4f2f-b981-1ddee76a56ed] - authentication successful using: SNOWFLAKE"}
{"level":"INFO","message":"[2:55:09.989 PM]: Trying to initialize Easy Logging"}
{"level":"INFO","message":"[2:55:09.997 PM]: No client config detected."}
{"level":"INFO","message":"[2:55:09.998 PM]: No config file path found. Client config will not be used."}
{"level":"INFO","message":"[2:55:09.999 PM]: Easy Logging is disabled as no config has been found"}
{"level":"INFO","message":"[2:55:10.816 PM]: Connection[id: 5ab3307b-3ef5-4f2f-b981-1ddee76a56ed] - connection established successfully after 844.09 milliseconds"}
{"level":"INFO","message":"[2:55:12.350 PM]: Creating new connection object"}
{"level":"INFO","message":"[2:55:12.368 PM]: Creating Connection[id: 9c7ff87f-d6f1-41b6-858f-b3ee5c979ad9] with host: GVKNEYQ-QN19413.snowflakecomputing.com, account: GVKNEYQ-QN19413, accessUrl: https://GVKNEYQ-QN19413.snowflakecomputing.com, user: AK8827, role: SECURITYADMIN, database: undefined, schema: undefined, warehouse: COMPUTE_WH, proxy was not configured, password is provided, region: undefined, authenticator: SNOWFLAKE, ocsp mode: FAIL_OPEN, os: win32, os version: 10.0.26100"}
{"level":"INFO","message":"[2:55:12.369 PM]: Connection[id: 9c7ff87f-d6f1-41b6-858f-b3ee5c979ad9] additional details: passcode in password is provided, passcode is not provided, private key is not provided, application: undefined, client name: snowflake-sdk, client version: 2.3.3, retry timeout: 300, private key path: undefined, private key pass is not provided, client store temporary credential: false, browser response timeout: 120000"}
{"level":"INFO","message":"[2:55:12.370 PM]: Connection[id: 9c7ff87f-d6f1-41b6-858f-b3ee5c979ad9] - connection object created successfully."}
{"level":"INFO","message":"[2:55:12.371 PM]: Connection[id: 9c7ff87f-d6f1-41b6-858f-b3ee5c979ad9] - connecting. Associated Snowflake domain: GLOBAL"}
{"level":"INFO","message":"[2:55:12.384 PM]: Connection[id: 9c7ff87f-d6f1-41b6-858f-b3ee5c979ad9] - authentication successful using: SNOWFLAKE"}
{"level":"INFO","message":"[2:55:12.385 PM]: Trying to initialize Easy Logging"}
{"level":"INFO","message":"[2:55:12.395 PM]: No client config detected."}
{"level":"INFO","message":"[2:55:12.396 PM]: No config file path found. Client config will not be used."}
{"level":"INFO","message":"[2:55:12.397 PM]: Easy Logging is disabled as no config has been found"}
{"level":"INFO","message":"[2:55:13.184 PM]: Connection[id: 9c7ff87f-d6f1-41b6-858f-b3ee5c979ad9] - connection established successfully after 813.29 milliseconds"}
{"level":"INFO","message":"[2:55:28.178 PM]: Creating new connection object"}
{"level":"INFO","message":"[2:55:28.196 PM]: Creating Connection[id: 3f600fa9-09aa-4528-a121-483c964c0f5f] with host: GVKNEYQ-QN19413.snowflakecomputing.com, account: GVKNEYQ-QN19413, accessUrl: https://GVKNEYQ-QN19413.snowflakecomputing.com, user: AK8827, role: SECURITYADMIN, database: undefined, schema: undefined, warehouse: COMPUTE_WH, proxy was not configured, password is provided, region: undefined, authenticator: SNOWFLAKE, ocsp mode: FAIL_OPEN, os: win32, os version: 10.0.26100"}
{"level":"INFO","message":"[2:55:28.197 PM]: Connection[id: 3f600fa9-09aa-4528-a121-483c964c0f5f] additional details: passcode in password is provided, passcode is not provided, private key is not provided, application: undefined, client name: snowflake-sdk, client version: 2.3.3, retry timeout: 300, private key path: undefined, private key pass is not provided, client store temporary credential: false, browser response timeout: 120000"}
{"level":"INFO","message":"[2:55:28.198 PM]: Connection[id: 3f600fa9-09aa-4528-a121-483c964c0f5f] - connection object created successfully."}
{"level":"INFO","message":"[2:55:28.199 PM]: Connection[id: 3f600fa9-09aa-4528-a121-483c964c0f5f] - connecting. Associated Snowflake domain: GLOBAL"}
{"level":"INFO","message":"[2:55:28.206 PM]: Connection[id: 3f600fa9-09aa-4528-a121-483c964c0f5f] - authentication successful using: SNOWFLAKE"}
{"level":"INFO","message":"[2:55:28.207 PM]: Trying to initialize Easy Logging"}
{"level":"INFO","message":"[2:55:28.213 PM]: No client config detected."}
{"level":"INFO","message":"[2:55:28.214 PM]: No config file path found. Client config will not be used."}
{"level":"INFO","message":"[2:55:28.216 PM]: Easy Logging is disabled as no config has been found"}
{"level":"INFO","message":"[2:55:29.179 PM]: Connection[id: 3f600fa9-09aa-4528-a121-483c964c0f5f] - connection established successfully after 979.24 milliseconds"}
{"level":"INFO","message":"[2:55:31.691 PM]: Creating new connection object"}
{"level":"INFO","message":"[2:55:33.286 PM]: Creating new connection object"}
{"level":"INFO","message":"[2:55:33.304 PM]: Creating Connection[id: dc046500-e906-4285-afe3-607d1435631f] with host: GVKNEYQ-QN19413.snowflakecomputing.com, account: GVKNEYQ-QN19413, accessUrl: https://GVKNEYQ-QN19413.snowflakecomputing.com, user: AK8827, role: SECURITYADMIN, database: undefined, schema: undefined, warehouse: COMPUTE_WH, proxy was not configured, password is provided, region: undefined, authenticator: SNOWFLAKE, ocsp mode: FAIL_OPEN, os: win32, os version: 10.0.26100"}
{"level":"INFO","message":"[2:55:33.305 PM]: Connection[id: dc046500-e906-4285-afe3-607d1435631f] additional details: passcode in password is provided, passcode is not provided, private key is not provided, application: undefined, client name: snowflake-sdk, client version: 2.3.3, retry timeout: 300, private key path: undefined, private key pass is not provided, client store temporary credential: false, browser response timeout: 120000"}
{"level":"INFO","message":"[2:55:33.306 PM]: Connection[id: dc046500-e906-4285-afe3-607d1435631f] - connection object created successfully."}
{"level":"INFO","message":"[2:55:33.307 PM]: Connection[id: dc046500-e906-4285-afe3-607d1435631f] - connecting. Associated Snowflake domain: GLOBAL"}
{"level":"INFO","message":"[2:55:33.316 PM]: Connection[id: dc046500-e906-4285-afe3-607d1435631f] - authentication successful using: SNOWFLAKE"}
{"level":"INFO","message":"[2:55:33.318 PM]: Trying to initialize Easy Logging"}
{"level":"INFO","message":"[2:55:33.323 PM]: No client config detected."}
{"level":"INFO","message":"[2:55:33.323 PM]: No config file path found. Client config will not be used."}
{"level":"INFO","message":"[2:55:33.324 PM]: Easy Logging is disabled as no config has been found"}
{"level":"INFO","message":"[2:55:33.954 PM]: Connection[id: dc046500-e906-4285-afe3-607d1435631f] - connection established successfully after 647.16 milliseconds"}
{"level":"INFO","message":"[2:55:36.967 PM]: Creating new connection object"}
{"level":"INFO","message":"[2:55:36.987 PM]: Creating Connection[id: 438f0e54-728e-4118-922f-88b11d446471] with host: GVKNEYQ-QN19413.snowflakecomputing.com, account: GVKNEYQ-QN19413, accessUrl: https://GVKNEYQ-QN19413.snowflakecomputing.com, user: AK8827, role: SECURITYADMIN, database: undefined, schema: undefined, warehouse: COMPUTE_WH, proxy was not configured, password is provided, region: undefined, authenticator: SNOWFLAKE, ocsp mode: FAIL_OPEN, os: win32, os version: 10.0.26100"}
{"level":"INFO","message":"[2:55:36.988 PM]: Connection[id: 438f0e54-728e-4118-922f-88b11d446471] additional details: passcode in password is provided, passcode is not provided, private key is not provided, application: undefined, client name: snowflake-sdk, client version: 2.3.3, retry timeout: 300, private key path: undefined, private key pass is not provided, client store temporary credential: false, browser response timeout: 120000"}
{"level":"INFO","message":"[2:55:36.989 PM]: Connection[id: 438f0e54-728e-4118-922f-88b11d446471] - connection object created successfully."}
{"level":"INFO","message":"[2:55:36.991 PM]: Connection[id: 438f0e54-728e-4118-922f-88b11d446471] - connecting. Associated Snowflake domain: GLOBAL"}
{"level":"INFO","message":"[2:55:37.001 PM]: Connection[id: 438f0e54-728e-4118-922f-88b11d446471] - authentication successful using: SNOWFLAKE"}
{"level":"INFO","message":"[2:55:37.002 PM]: Trying to initialize Easy Logging"}
{"level":"INFO","message":"[2:55:37.011 PM]: No client config detected."}
{"level":"INFO","message":"[2:55:37.013 PM]: No config file path found. Client config will not be used."}
{"level":"INFO","message":"[2:55:37.015 PM]: Easy Logging is disabled as no config has been found"}
{"level":"INFO","message":"[2:55:38.296 PM]: Connection[id: 438f0e54-728e-4118-922f-88b11d446471] - connection established successfully after 1305.83 milliseconds"}
{"level":"INFO","message":"[2:55:43.797 PM]: Creating new connection object"}
{"level":"INFO","message":"[2:55:43.818 PM]: Creating Connection[id: 74a10da0-9ce3-46bc-b647-008705b7bbd8] with host: GVKNEYQ-QN19413.snowflakecomputing.com, account: GVKNEYQ-QN19413, accessUrl: https://GVKNEYQ-QN19413.snowflakecomputing.com, user: AK8827, role: SECURITYADMIN, database: undefined, schema: undefined, warehouse: COMPUTE_WH, proxy was not configured, password is provided, region: undefined, authenticator: SNOWFLAKE, ocsp mode: FAIL_OPEN, os: win32, os version: 10.0.26100"}
{"level":"INFO","message":"[2:55:43.819 PM]: Connection[id: 74a10da0-9ce3-46bc-b647-008705b7bbd8] additional details: passcode in password is provided, passcode is not provided, private key is not provided, application: undefined, client name: snowflake-sdk, client version: 2.3.3, retry timeout: 300, private key path: undefined, private key pass is not provided, client store temporary credential: false, browser response timeout: 120000"}
{"level":"INFO","message":"[2:55:43.820 PM]: Connection[id: 74a10da0-9ce3-46bc-b647-008705b7bbd8] - connection object created successfully."}
{"level":"INFO","message":"[2:55:43.821 PM]: Connection[id: 74a10da0-9ce3-46bc-b647-008705b7bbd8] - connecting. Associated Snowflake domain: GLOBAL"}
{"level":"INFO","message":"[2:55:43.832 PM]: Connection[id: 74a10da0-9ce3-46bc-b647-008705b7bbd8] - authentication successful using: SNOWFLAKE"}
{"level":"INFO","message":"[2:55:43.833 PM]: Trying to initialize Easy Logging"}
{"level":"INFO","message":"[2:55:43.838 PM]: No client config detected."}
{"level":"INFO","message":"[2:55:43.839 PM]: No config file path found. Client config will not be used."}
{"level":"INFO","message":"[2:55:43.841 PM]: Easy Logging is disabled as no config has been found"}
{"level":"INFO","message":"[2:55:44.640 PM]: Connection[id: 74a10da0-9ce3-46bc-b647-008705b7bbd8] - connection established successfully after 819.14 milliseconds"}
{"level":"INFO","message":"[2:55:56.898 PM]: Creating new connection object"}
{"level":"INFO","message":"[2:55:56.918 PM]: Creating Connection[id: 47835223-3f6a-42ba-bdb3-0d2b07b2d8d9] with host: GVKNEYQ-QN19413.snowflakecomputing.com, account: GVKNEYQ-QN19413, accessUrl: https://GVKNEYQ-QN19413.snowflakecomputing.com, user: AK8827, role: SECURITYADMIN, database: undefined, schema: undefined, warehouse: COMPUTE_WH, proxy was not configured, password is provided, region: undefined, authenticator: SNOWFLAKE, ocsp mode: FAIL_OPEN, os: win32, os version: 10.0.26100"}
{"level":"INFO","message":"[2:55:56.920 PM]: Connection[id: 47835223-3f6a-42ba-bdb3-0d2b07b2d8d9] additional details: passcode in password is provided, passcode is not provided, private key is not provided, application: undefined, client name: snowflake-sdk, client version: 2.3.3, retry timeout: 300, private key path: undefined, private key pass is not provided, client store temporary credential: false, browser response timeout: 120000"}
{"level":"INFO","message":"[2:55:56.921 PM]: Connection[id: 47835223-3f6a-42ba-bdb3-0d2b07b2d8d9] - connection object created successfully."}
{"level":"INFO","message":"[2:55:56.923 PM]: Connection[id: 47835223-3f6a-42ba-bdb3-0d2b07b2d8d9] - connecting. Associated Snowflake domain: GLOBAL"}
{"level":"INFO","message":"[2:55:56.930 PM]: Connection[id: 47835223-3f6a-42ba-bdb3-0d2b07b2d8d9] - authentication successful using: SNOWFLAKE"}
{"level":"INFO","message":"[2:55:56.931 PM]: Trying to initialize Easy Logging"}
{"level":"INFO","message":"[2:55:56.938 PM]: No client config detected."}
{"level":"INFO","message":"[2:55:56.939 PM]: No config file path found. Client config will not be used."}
{"level":"INFO","message":"[2:55:56.940 PM]: Easy Logging is disabled as no config has been found"}
{"level":"INFO","message":"[2:55:57.757 PM]: Connection[id: 47835223-3f6a-42ba-bdb3-0d2b07b2d8d9] - connection established successfully after 834.25 milliseconds"}
{"level":"INFO","message":"[3:08:18.590 PM]: Creating new connection object"}
{"level":"INFO","message":"[3:08:18.607 PM]: Creating Connection[id: 162bccad-048e-466f-b9d8-ed58d5f845d8] with host: GVKNEYQ-QN19413.snowflakecomputing.com, account: GVKNEYQ-QN19413, accessUrl: https://GVKNEYQ-QN19413.snowflakecomputing.com, user: AK8827, role: SECURITYADMIN, database: undefined, schema: undefined, warehouse: COMPUTE_WH, proxy was not configured, password is provided, region: undefined, authenticator: SNOWFLAKE, ocsp mode: FAIL_OPEN, os: win32, os version: 10.0.26100"}
{"level":"INFO","message":"[3:08:18.608 PM]: Connection[id: 162bccad-048e-466f-b9d8-ed58d5f845d8] additional details: passcode in password is provided, passcode is not provided, private key is not provided, application: undefined, client name: snowflake-sdk, client version: 2.3.3, retry timeout: 300, private key path: undefined, private key pass is not provided, client store temporary credential: false, browser response timeout: 120000"}
{"level":"INFO","message":"[3:08:18.609 PM]: Connection[id: 162bccad-048e-466f-b9d8-ed58d5f845d8] - connection object created successfully."}
{"level":"INFO","message":"[3:08:18.610 PM]: Connection[id: 162bccad-048e-466f-b9d8-ed58d5f845d8] - connecting. Associated Snowflake domain: GLOBAL"}
{"level":"INFO","message":"[3:08:18.621 PM]: Connection[id: 162bccad-048e-466f-b9d8-ed58d5f845d8] - authentication successful using: SNOWFLAKE"}
{"level":"INFO","message":"[3:08:18.622 PM]: Trying to initialize Easy Logging"}
{"level":"INFO","message":"[3:08:18.630 PM]: No client config detected."}
{"level":"INFO","message":"[3:08:18.631 PM]: No config file path found. Client config will not be used."}
{"level":"INFO","message":"[3:08:18.632 PM]: Easy Logging is disabled as no config has been found"}
{"level":"INFO","message":"[3:08:20.221 PM]: Creating new connection object"}
{"level":"INFO","message":"[3:08:20.240 PM]: Creating Connection[id: d67f524c-20c8-4702-9c92-89c4060dd811] with host: GVKNEYQ-QN19413.snowflakecomputing.com, account: GVKNEYQ-QN19413, accessUrl: https://GVKNEYQ-QN19413.snowflakecomputing.com, user: AK8827, role: SECURITYADMIN, database: undefined, schema: undefined, warehouse: COMPUTE_WH, proxy was not configured, password is provided, region: undefined, authenticator: SNOWFLAKE, ocsp mode: FAIL_OPEN, os: win32, os version: 10.0.26100"}
{"level":"INFO","message":"[3:08:20.241 PM]: Connection[id: d67f524c-20c8-4702-9c92-89c4060dd811] additional details: passcode in password is provided, passcode is not provided, private key is not provided, application: undefined, client name: snowflake-sdk, client version: 2.3.3, retry timeout: 300, private key path: undefined, private key pass is not provided, client store temporary credential: false, browser response timeout: 120000"}
{"level":"INFO","message":"[3:08:20.241 PM]: Connection[id: d67f524c-20c8-4702-9c92-89c4060dd811] - connection object created successfully."}
{"level":"INFO","message":"[3:08:20.242 PM]: Connection[id: d67f524c-20c8-4702-9c92-89c4060dd811] - connecting. Associated Snowflake domain: GLOBAL"}
{"level":"INFO","message":"[3:08:20.249 PM]: Connection[id: d67f524c-20c8-4702-9c92-89c4060dd811] - authentication successful using: SNOWFLAKE"}
{"level":"INFO","message":"[3:08:20.250 PM]: Trying to initialize Easy Logging"}
{"level":"INFO","message":"[3:08:20.256 PM]: No client config detected."}
{"level":"INFO","message":"[3:08:20.257 PM]: No config file path found. Client config will not be used."}
{"level":"INFO","message":"[3:08:20.258 PM]: Easy Logging is disabled as no config has been found"}
{"level":"INFO","message":"[3:08:21.056 PM]: Connection[id: d67f524c-20c8-4702-9c92-89c4060dd811] - connection established successfully after 813.62 milliseconds"}
{"level":"INFO","message":"[3:08:28.365 PM]: Creating new connection object"}
{"level":"INFO","message":"[3:08:28.384 PM]: Creating Connection[id: dfbe9546-f72f-47c5-8c6c-6300c26ea632] with host: GVKNEYQ-QN19413.snowflakecomputing.com, account: GVKNEYQ-QN19413, accessUrl: https://GVKNEYQ-QN19413.snowflakecomputing.com, user: AK8827, role: SECURITYADMIN, database: undefined, schema: undefined, warehouse: COMPUTE_WH, proxy was not configured, password is provided, region: undefined, authenticator: SNOWFLAKE, ocsp mode: FAIL_OPEN, os: win32, os version: 10.0.26100"}
{"level":"INFO","message":"[3:08:28.386 PM]: Connection[id: dfbe9546-f72f-47c5-8c6c-6300c26ea632] additional details: passcode in password is provided, passcode is not provided, private key is not provided, application: undefined, client name: snowflake-sdk, client version: 2.3.3, retry timeout: 300, private key path: undefined, private key pass is not provided, client store temporary credential: false, browser response timeout: 120000"}
{"level":"INFO","message":"[3:08:28.387 PM]: Connection[id: dfbe9546-f72f-47c5-8c6c-6300c26ea632] - connection object created successfully."}
{"level":"INFO","message":"[3:08:28.388 PM]: Connection[id: dfbe9546-f72f-47c5-8c6c-6300c26ea632] - connecting. Associated Snowflake domain: GLOBAL"}
{"level":"INFO","message":"[3:08:28.398 PM]: Connection[id: dfbe9546-f72f-47c5-8c6c-6300c26ea632] - authentication successful using: SNOWFLAKE"}
{"level":"INFO","message":"[3:08:28.400 PM]: Trying to initialize Easy Logging"}
{"level":"INFO","message":"[3:08:28.408 PM]: No client config detected."}
{"level":"INFO","message":"[3:08:28.409 PM]: No config file path found. Client config will not be used."}
{"level":"INFO","message":"[3:08:28.409 PM]: Easy Logging is disabled as no config has been found"}
{"level":"INFO","message":"[3:08:29.087 PM]: Connection[id: dfbe9546-f72f-47c5-8c6c-6300c26ea632] - connection established successfully after 698.16 milliseconds"}
{"level":"INFO","message":"[3:08:31.101 PM]: Creating new connection object"}
{"level":"INFO","message":"[3:08:31.123 PM]: Creating Connection[id: 3d10c2bc-1ac4-4e94-add0-75adf7792265] with host: GVKNEYQ-QN19413.snowflakecomputing.com, account: GVKNEYQ-QN19413, accessUrl: https://GVKNEYQ-QN19413.snowflakecomputing.com, user: AK8827, role: SECURITYADMIN, database: undefined, schema: undefined, warehouse: COMPUTE_WH, proxy was not configured, password is provided, region: undefined, authenticator: SNOWFLAKE, ocsp mode: FAIL_OPEN, os: win32, os version: 10.0.26100"}
{"level":"INFO","message":"[3:08:31.125 PM]: Connection[id: 3d10c2bc-1ac4-4e94-add0-75adf7792265] additional details: passcode in password is provided, passcode is not provided, private key is not provided, application: undefined, client name: snowflake-sdk, client version: 2.3.3, retry timeout: 300, private key path: undefined, private key pass is not provided, client store temporary credential: false, browser response timeout: 120000"}
{"level":"INFO","message":"[3:08:31.125 PM]: Connection[id: 3d10c2bc-1ac4-4e94-add0-75adf7792265] - connection object created successfully."}
{"level":"INFO","message":"[3:08:31.126 PM]: Connection[id: 3d10c2bc-1ac4-4e94-add0-75adf7792265] - connecting. Associated Snowflake domain: GLOBAL"}
{"level":"INFO","message":"[3:08:31.138 PM]: Connection[id: 3d10c2bc-1ac4-4e94-add0-75adf7792265] - authentication successful using: SNOWFLAKE"}
{"level":"INFO","message":"[3:08:31.141 PM]: Trying to initialize Easy Logging"}
{"level":"INFO","message":"[3:08:31.147 PM]: No client config detected."}
{"level":"INFO","message":"[3:08:31.147 PM]: No config file path found. Client config will not be used."}
{"level":"INFO","message":"[3:08:31.148 PM]: Easy Logging is disabled as no config has been found"}
{"level":"INFO","message":"[3:08:31.788 PM]: Connection[id: 3d10c2bc-1ac4-4e94-add0-75adf7792265] - connection established successfully after 661.69 milliseconds"}
{"level":"INFO","message":"[3:08:49.360 PM]: Creating new connection object"}
{"level":"INFO","message":"[3:08:49.377 PM]: Creating Connection[id: 28845434-e044-4a07-86c5-cbb0b3ef5123] with host: GVKNEYQ-QN19413.snowflakecomputing.com, account: GVKNEYQ-QN19413, accessUrl: https://GVKNEYQ-QN19413.snowflakecomputing.com, user: AK8827, role: SECURITYADMIN, database: undefined, schema: undefined, warehouse: COMPUTE_WH, proxy was not configured, password is provided, region: undefined, authenticator: SNOWFLAKE, ocsp mode: FAIL_OPEN, os: win32, os version: 10.0.26100"}
{"level":"INFO","message":"[3:08:49.378 PM]: Connection[id: 28845434-e044-4a07-86c5-cbb0b3ef5123] additional details: passcode in password is provided, passcode is not provided, private key is not provided, application: undefined, client name: snowflake-sdk, client version: 2.3.3, retry timeout: 300, private key path: undefined, private key pass is not provided, client store temporary credential: false, browser response timeout: 120000"}
{"level":"INFO","message":"[3:08:49.379 PM]: Connection[id: 28845434-e044-4a07-86c5-cbb0b3ef5123] - connection object created successfully."}
{"level":"INFO","message":"[3:08:49.380 PM]: Connection[id: 28845434-e044-4a07-86c5-cbb0b3ef5123] - connecting. Associated Snowflake domain: GLOBAL"}
{"level":"INFO","message":"[3:08:49.387 PM]: Connection[id: 28845434-e044-4a07-86c5-cbb0b3ef5123] - authentication successful using: SNOWFLAKE"}
{"level":"INFO","message":"[3:08:49.388 PM]: Trying to initialize Easy Logging"}
{"level":"INFO","message":"[3:08:49.393 PM]: No client config detected."}
{"level":"INFO","message":"[3:08:49.394 PM]: No config file path found. Client config will not be used."}
{"level":"INFO","message":"[3:08:49.396 PM]: Easy Logging is disabled as no config has been found"}
{"level":"INFO","message":"[3:08:51.280 PM]: Creating new connection object"}
{"level":"INFO","message":"[3:08:51.297 PM]: Creating Connection[id: 1657cd36-00ca-4754-9e42-5a66307f759c] with host: GVKNEYQ-QN19413.snowflakecomputing.com, account: GVKNEYQ-QN19413, accessUrl: https://GVKNEYQ-QN19413.snowflakecomputing.com, user: AK8827, role: SECURITYADMIN, database: undefined, schema: undefined, warehouse: COMPUTE_WH, proxy was not configured, password is provided, region: undefined, authenticator: SNOWFLAKE, ocsp mode: FAIL_OPEN, os: win32, os version: 10.0.26100"}
{"level":"INFO","message":"[3:08:51.298 PM]: Connection[id: 1657cd36-00ca-4754-9e42-5a66307f759c] additional details: passcode in password is provided, passcode is not provided, private key is not provided, application: undefined, client name: snowflake-sdk, client version: 2.3.3, retry timeout: 300, private key path: undefined, private key pass is not provided, client store temporary credential: false, browser response timeout: 120000"}
{"level":"INFO","message":"[3:08:51.299 PM]: Connection[id: 1657cd36-00ca-4754-9e42-5a66307f759c] - connection object created successfully."}
{"level":"INFO","message":"[3:08:51.299 PM]: Connection[id: 1657cd36-00ca-4754-9e42-5a66307f759c] - connecting. Associated Snowflake domain: GLOBAL"}
{"level":"INFO","message":"[3:08:51.307 PM]: Connection[id: 1657cd36-00ca-4754-9e42-5a66307f759c] - authentication successful using: SNOWFLAKE"}
{"level":"INFO","message":"[3:08:51.308 PM]: Trying to initialize Easy Logging"}
{"level":"INFO","message":"[3:08:51.314 PM]: No client config detected."}
{"level":"INFO","message":"[3:08:51.315 PM]: No config file path found. Client config will not be used."}
{"level":"INFO","message":"[3:08:51.315 PM]: Easy Logging is disabled as no config has been found"}
{"level":"INFO","message":"[3:08:52.098 PM]: Connection[id: 1657cd36-00ca-4754-9e42-5a66307f759c] - connection established successfully after 798.19 milliseconds"}
{"level":"INFO","message":"[3:12:01.605 PM]: Creating new connection object"}
{"level":"INFO","message":"[3:12:01.626 PM]: Creating Connection[id: 17fd2344-06fa-4044-82e6-5d26b8d8dbd4] with host: GVKNEYQ-QN19413.snowflakecomputing.com, account: GVKNEYQ-QN19413, accessUrl: https://GVKNEYQ-QN19413.snowflakecomputing.com, user: AK8827, role: SECURITYADMIN, database: undefined, schema: undefined, warehouse: COMPUTE_WH, proxy was not configured, password is provided, region: undefined, authenticator: SNOWFLAKE, ocsp mode: FAIL_OPEN, os: win32, os version: 10.0.26100"}
{"level":"INFO","message":"[3:12:01.627 PM]: Connection[id: 17fd2344-06fa-4044-82e6-5d26b8d8dbd4] additional details: passcode in password is provided, passcode is not provided, private key is not provided, application: undefined, client name: snowflake-sdk, client version: 2.3.3, retry timeout: 300, private key path: undefined, private key pass is not provided, client store temporary credential: false, browser response timeout: 120000"}
{"level":"INFO","message":"[3:12:01.628 PM]: Connection[id: 17fd2344-06fa-4044-82e6-5d26b8d8dbd4] - connection object created successfully."}
{"level":"INFO","message":"[3:12:01.629 PM]: Connection[id: 17fd2344-06fa-4044-82e6-5d26b8d8dbd4] - connecting. Associated Snowflake domain: GLOBAL"}
{"level":"INFO","message":"[3:12:01.642 PM]: Connection[id: 17fd2344-06fa-4044-82e6-5d26b8d8dbd4] - authentication successful using: SNOWFLAKE"}
{"level":"INFO","message":"[3:12:01.643 PM]: Trying to initialize Easy Logging"}
{"level":"INFO","message":"[3:12:01.649 PM]: No client config detected."}
{"level":"INFO","message":"[3:12:01.653 PM]: No config file path found. Client config will not be used."}
{"level":"INFO","message":"[3:12:01.654 PM]: Easy Logging is disabled as no config has been found"}
{"level":"INFO","message":"[3:12:02.455 PM]: Connection[id: 17fd2344-06fa-4044-82e6-5d26b8d8dbd4] - connection established successfully after 825.38 milliseconds"}
{"level":"INFO","message":"[3:12:06.085 PM]: Creating new connection object"}
{"level":"INFO","message":"[3:12:06.117 PM]: Creating Connection[id: 136da3ad-8df0-4c78-9546-cb127bc5019d] with host: GVKNEYQ-QN19413.snowflakecomputing.com, account: GVKNEYQ-QN19413, accessUrl: https://GVKNEYQ-QN19413.snowflakecomputing.com, user: AK8827, role: SECURITYADMIN, database: undefined, schema: undefined, warehouse: COMPUTE_WH, proxy was not configured, password is provided, region: undefined, authenticator: SNOWFLAKE, ocsp mode: FAIL_OPEN, os: win32, os version: 10.0.26100"}
{"level":"INFO","message":"[3:12:06.119 PM]: Connection[id: 136da3ad-8df0-4c78-9546-cb127bc5019d] additional details: passcode in password is provided, passcode is not provided, private key is not provided, application: undefined, client name: snowflake-sdk, client version: 2.3.3, retry timeout: 300, private key path: undefined, private key pass is not provided, client store temporary credential: false, browser response timeout: 120000"}
{"level":"INFO","message":"[3:12:06.120 PM]: Connection[id: 136da3ad-8df0-4c78-9546-cb127bc5019d] - connection object created successfully."}
{"level":"INFO","message":"[3:12:06.121 PM]: Connection[id: 136da3ad-8df0-4c78-9546-cb127bc5019d] - connecting. Associated Snowflake domain: GLOBAL"}
{"level":"INFO","message":"[3:12:06.133 PM]: Connection[id: 136da3ad-8df0-4c78-9546-cb127bc5019d] - authentication successful using: SNOWFLAKE"}
{"level":"INFO","message":"[3:12:06.135 PM]: Trying to initialize Easy Logging"}
{"level":"INFO","message":"[3:12:06.139 PM]: No client config detected."}
{"level":"INFO","message":"[3:12:06.140 PM]: No config file path found. Client config will not be used."}
{"level":"INFO","message":"[3:12:06.141 PM]: Easy Logging is disabled as no config has been found"}
{"level":"INFO","message":"[3:12:06.835 PM]: Connection[id: 136da3ad-8df0-4c78-9546-cb127bc5019d] - connection established successfully after 713.67 milliseconds"}
{"level":"INFO","message":"[3:12:21.834 PM]: Creating new connection object"}
{"level":"INFO","message":"[3:12:21.858 PM]: Creating Connection[id: c2393fa8-68de-41b8-9176-7ecf28ab526c] with host: GVKNEYQ-QN19413.snowflakecomputing.com, account: GVKNEYQ-QN19413, accessUrl: https://GVKNEYQ-QN19413.snowflakecomputing.com, user: AK8827, role: SECURITYADMIN, database: undefined, schema: undefined, warehouse: COMPUTE_WH, proxy was not configured, password is provided, region: undefined, authenticator: SNOWFLAKE, ocsp mode: FAIL_OPEN, os: win32, os version: 10.0.26100"}
{"level":"INFO","message":"[3:12:21.859 PM]: Connection[id: c2393fa8-68de-41b8-9176-7ecf28ab526c] additional details: passcode in password is provided, passcode is not provided, private key is not provided, application: undefined, client name: snowflake-sdk, client version: 2.3.3, retry timeout: 300, private key path: undefined, private key pass is not provided, client store temporary credential: false, browser response timeout: 120000"}
{"level":"INFO","message":"[3:12:21.860 PM]: Connection[id: c2393fa8-68de-41b8-9176-7ecf28ab526c] - connection object created successfully."}
{"level":"INFO","message":"[3:12:21.860 PM]: Connection[id: c2393fa8-68de-41b8-9176-7ecf28ab526c] - connecting. Associated Snowflake domain: GLOBAL"}
{"level":"INFO","message":"[3:12:21.870 PM]: Connection[id: c2393fa8-68de-41b8-9176-7ecf28ab526c] - authentication successful using: SNOWFLAKE"}
{"level":"INFO","message":"[3:12:21.870 PM]: Trying to initialize Easy Logging"}
{"level":"INFO","message":"[3:12:21.876 PM]: No client config detected."}
{"level":"INFO","message":"[3:12:21.877 PM]: No config file path found. Client config will not be used."}
{"level":"INFO","message":"[3:12:21.877 PM]: Easy Logging is disabled as no config has been found"}
{"level":"INFO","message":"[3:12:23.080 PM]: Connection[id: c2393fa8-68de-41b8-9176-7ecf28ab526c] - connection established successfully after 1219.72 milliseconds"}
{"level":"INFO","message":"[3:18:46.692 PM]: Creating new connection object"}
{"level":"INFO","message":"[3:18:46.726 PM]: Creating Connection[id: 77ee0bd7-d368-4d61-82d5-edb520c9f3b4] with host: GVKNEYQ-QN19413.snowflakecomputing.com, account: GVKNEYQ-QN19413, accessUrl: https://GVKNEYQ-QN19413.snowflakecomputing.com, user: AK8827, role: SECURITYADMIN, database: undefined, schema: undefined, warehouse: COMPUTE_WH, proxy was not configured, password is provided, region: undefined, authenticator: SNOWFLAKE, ocsp mode: FAIL_OPEN, os: win32, os version: 10.0.26100"}
{"level":"INFO","message":"[3:18:46.728 PM]: Connection[id: 77ee0bd7-d368-4d61-82d5-edb520c9f3b4] additional details: passcode in password is provided, passcode is not provided, private key is not provided, application: undefined, client name: snowflake-sdk, client version: 2.3.3, retry timeout: 300, private key path: undefined, private key pass is not provided, client store temporary credential: false, browser response timeout: 120000"}
{"level":"INFO","message":"[3:18:46.729 PM]: Connection[id: 77ee0bd7-d368-4d61-82d5-edb520c9f3b4] - connection object created successfully."}
{"level":"INFO","message":"[3:18:46.731 PM]: Connection[id: 77ee0bd7-d368-4d61-82d5-edb520c9f3b4] - connecting. Associated Snowflake domain: GLOBAL"}
{"level":"INFO","message":"[3:18:46.745 PM]: Connection[id: 77ee0bd7-d368-4d61-82d5-edb520c9f3b4] - authentication successful using: SNOWFLAKE"}
{"level":"INFO","message":"[3:18:46.747 PM]: Trying to initialize Easy Logging"}
{"level":"INFO","message":"[3:18:46.760 PM]: No client config detected."}
{"level":"INFO","message":"[3:18:46.760 PM]: No config file path found. Client config will not be used."}
{"level":"INFO","message":"[3:18:46.761 PM]: Easy Logging is disabled as no config has been found"}
{"level":"INFO","message":"[3:18:48.382 PM]: Creating new connection object"}
{"level":"INFO","message":"[3:18:48.401 PM]: Creating Connection[id: 10c63de3-1cd9-4633-b2e2-e8c24dd837a5] with host: GVKNEYQ-QN19413.snowflakecomputing.com, account: GVKNEYQ-QN19413, accessUrl: https://GVKNEYQ-QN19413.snowflakecomputing.com, user: AK8827, role: SECURITYADMIN, database: undefined, schema: undefined, warehouse: COMPUTE_WH, proxy was not configured, password is provided, region: undefined, authenticator: SNOWFLAKE, ocsp mode: FAIL_OPEN, os: win32, os version: 10.0.26100"}
{"level":"INFO","message":"[3:18:48.403 PM]: Connection[id: 10c63de3-1cd9-4633-b2e2-e8c24dd837a5] additional details: passcode in password is provided, passcode is not provided, private key is not provided, application: undefined, client name: snowflake-sdk, client version: 2.3.3, retry timeout: 300, private key path: undefined, private key pass is not provided, client store temporary credential: false, browser response timeout: 120000"}
{"level":"INFO","message":"[3:18:48.404 PM]: Connection[id: 10c63de3-1cd9-4633-b2e2-e8c24dd837a5] - connection object created successfully."}
{"level":"INFO","message":"[3:18:48.405 PM]: Connection[id: 10c63de3-1cd9-4633-b2e2-e8c24dd837a5] - connecting. Associated Snowflake domain: GLOBAL"}
{"level":"INFO","message":"[3:18:48.413 PM]: Connection[id: 10c63de3-1cd9-4633-b2e2-e8c24dd837a5] - authentication successful using: SNOWFLAKE"}
{"level":"INFO","message":"[3:18:48.414 PM]: Trying to initialize Easy Logging"}
{"level":"INFO","message":"[3:18:48.422 PM]: No client config detected."}
{"level":"INFO","message":"[3:18:48.422 PM]: No config file path found. Client config will not be used."}
{"level":"INFO","message":"[3:18:48.423 PM]: Easy Logging is disabled as no config has been found"}
{"level":"INFO","message":"[3:18:49.283 PM]: Connection[id: 10c63de3-1cd9-4633-b2e2-e8c24dd837a5] - connection established successfully after 878.24 milliseconds"}
{"level":"INFO","message":"[3:24:57.562 PM]: Creating new connection object"}
{"level":"INFO","message":"[3:24:57.582 PM]: Creating Connection[id: 4f3904e5-33e3-4151-a8ba-484af7e1ac71] with host: GVKNEYQ-QN19413.snowflakecomputing.com, account: GVKNEYQ-QN19413, accessUrl: https://GVKNEYQ-QN19413.snowflakecomputing.com, user: AK8827, role: SECURITYADMIN, database: undefined, schema: undefined, warehouse: COMPUTE_WH, proxy was not configured, password is provided, region: undefined, authenticator: SNOWFLAKE, ocsp mode: FAIL_OPEN, os: win32, os version: 10.0.26100"}
{"level":"INFO","message":"[3:24:57.583 PM]: Connection[id: 4f3904e5-33e3-4151-a8ba-484af7e1ac71] additional details: passcode in password is provided, passcode is not provided, private key is not provided, application: undefined, client name: snowflake-sdk, client version: 2.3.3, retry timeout: 300, private key path: undefined, private key pass is not provided, client store temporary credential: false, browser response timeout: 120000"}
{"level":"INFO","message":"[3:24:57.583 PM]: Connection[id: 4f3904e5-33e3-4151-a8ba-484af7e1ac71] - connection object created successfully."}
{"level":"INFO","message":"[3:24:57.584 PM]: Connection[id: 4f3904e5-33e3-4151-a8ba-484af7e1ac71] - connecting. Associated Snowflake domain: GLOBAL"}
{"level":"INFO","message":"[3:24:57.597 PM]: Connection[id: 4f3904e5-33e3-4151-a8ba-484af7e1ac71] - authentication successful using: SNOWFLAKE"}
{"level":"INFO","message":"[3:24:57.598 PM]: Trying to initialize Easy Logging"}
{"level":"INFO","message":"[3:24:57.607 PM]: No client config detected."}
{"level":"INFO","message":"[3:24:57.608 PM]: No config file path found. Client config will not be used."}
{"level":"INFO","message":"[3:24:57.609 PM]: Easy Logging is disabled as no config has been found"}
{"level":"INFO","message":"[3:24:58.833 PM]: Connection[id: 4f3904e5-33e3-4151-a8ba-484af7e1ac71] - connection established successfully after 1248.69 milliseconds"}
{"level":"INFO","message":"[3:26:21.745 PM]: Creating new connection object"}
{"level":"INFO","message":"[3:26:21.774 PM]: Creating Connection[id: f6ab9290-1f39-4479-95f9-a28f07c1dde8] with host: GVKNEYQ-QN19413.snowflakecomputing.com, account: GVKNEYQ-QN19413, accessUrl: https://GVKNEYQ-QN19413.snowflakecomputing.com, user: AK8827, role: SECURITYADMIN, database: undefined, schema: undefined, warehouse: COMPUTE_WH, proxy was not configured, password is provided, region: undefined, authenticator: SNOWFLAKE, ocsp mode: FAIL_OPEN, os: win32, os version: 10.0.26100"}
{"level":"INFO","message":"[3:26:21.775 PM]: Connection[id: f6ab9290-1f39-4479-95f9-a28f07c1dde8] additional details: passcode in password is provided, passcode is not provided, private key is not provided, application: undefined, client name: snowflake-sdk, client version: 2.3.3, retry timeout: 300, private key path: undefined, private key pass is not provided, client store temporary credential: false, browser response timeout: 120000"}
{"level":"INFO","message":"[3:26:21.776 PM]: Connection[id: f6ab9290-1f39-4479-95f9-a28f07c1dde8] - connection object created successfully."}
{"level":"INFO","message":"[3:26:21.777 PM]: Connection[id: f6ab9290-1f39-4479-95f9-a28f07c1dde8] - connecting. Associated Snowflake domain: GLOBAL"}
{"level":"INFO","message":"[3:26:21.792 PM]: Connection[id: f6ab9290-1f39-4479-95f9-a28f07c1dde8] - authentication successful using: SNOWFLAKE"}
{"level":"INFO","message":"[3:26:21.797 PM]: Trying to initialize Easy Logging"}
{"level":"INFO","message":"[3:26:21.807 PM]: No client config detected."}
{"level":"INFO","message":"[3:26:21.808 PM]: No config file path found. Client config will not be used."}
{"level":"INFO","message":"[3:26:21.810 PM]: Easy Logging is disabled as no config has been found"}
{"level":"INFO","message":"[3:26:22.838 PM]: Connection[id: f6ab9290-1f39-4479-95f9-a28f07c1dde8] - connection established successfully after 1061.13 milliseconds"}
{"level":"INFO","message":"[3:26:28.608 PM]: Creating new connection object"}
{"level":"INFO","message":"[3:26:28.625 PM]: Creating Connection[id: f987132e-2e8b-477f-b97d-ec6f644560a6] with host: GVKNEYQ-QN19413.snowflakecomputing.com, account: GVKNEYQ-QN19413, accessUrl: https://GVKNEYQ-QN19413.snowflakecomputing.com, user: AK8827, role: SECURITYADMIN, database: undefined, schema: undefined, warehouse: COMPUTE_WH, proxy was not configured, password is provided, region: undefined, authenticator: SNOWFLAKE, ocsp mode: FAIL_OPEN, os: win32, os version: 10.0.26100"}
{"level":"INFO","message":"[3:26:28.626 PM]: Connection[id: f987132e-2e8b-477f-b97d-ec6f644560a6] additional details: passcode in password is provided, passcode is not provided, private key is not provided, application: undefined, client name: snowflake-sdk, client version: 2.3.3, retry timeout: 300, private key path: undefined, private key pass is not provided, client store temporary credential: false, browser response timeout: 120000"}
{"level":"INFO","message":"[3:26:28.628 PM]: Connection[id: f987132e-2e8b-477f-b97d-ec6f644560a6] - connection object created successfully."}
{"level":"INFO","message":"[3:26:28.629 PM]: Connection[id: f987132e-2e8b-477f-b97d-ec6f644560a6] - connecting. Associated Snowflake domain: GLOBAL"}
{"level":"INFO","message":"[3:26:28.639 PM]: Connection[id: f987132e-2e8b-477f-b97d-ec6f644560a6] - authentication successful using: SNOWFLAKE"}
{"level":"INFO","message":"[3:26:28.640 PM]: Trying to initialize Easy Logging"}
{"level":"INFO","message":"[3:26:28.645 PM]: No client config detected."}
{"level":"INFO","message":"[3:26:28.646 PM]: No config file path found. Client config will not be used."}
{"level":"INFO","message":"[3:26:28.647 PM]: Easy Logging is disabled as no config has been found"}
{"level":"INFO","message":"[3:26:29.284 PM]: Connection[id: f987132e-2e8b-477f-b97d-ec6f644560a6] - connection established successfully after 654.78 milliseconds"}
{"level":"INFO","message":"[3:26:51.593 PM]: Creating new connection object"}
{"level":"INFO","message":"[3:26:51.614 PM]: Creating Connection[id: 0b435203-854b-41fe-95f9-ca6ce046fc72] with host: GVKNEYQ-QN19413.snowflakecomputing.com, account: GVKNEYQ-QN19413, accessUrl: https://GVKNEYQ-QN19413.snowflakecomputing.com, user: AK8827, role: SECURITYADMIN, database: undefined, schema: undefined, warehouse: COMPUTE_WH, proxy was not configured, password is provided, region: undefined, authenticator: SNOWFLAKE, ocsp mode: FAIL_OPEN, os: win32, os version: 10.0.26100"}
{"level":"INFO","message":"[3:26:51.615 PM]: Connection[id: 0b435203-854b-41fe-95f9-ca6ce046fc72] additional details: passcode in password is provided, passcode is not provided, private key is not provided, application: undefined, client name: snowflake-sdk, client version: 2.3.3, retry timeout: 300, private key path: undefined, private key pass is not provided, client store temporary credential: false, browser response timeout: 120000"}
{"level":"INFO","message":"[3:26:51.616 PM]: Connection[id: 0b435203-854b-41fe-95f9-ca6ce046fc72] - connection object created successfully."}
{"level":"INFO","message":"[3:26:51.617 PM]: Connection[id: 0b435203-854b-41fe-95f9-ca6ce046fc72] - connecting. Associated Snowflake domain: GLOBAL"}
{"level":"INFO","message":"[3:26:51.628 PM]: Connection[id: 0b435203-854b-41fe-95f9-ca6ce046fc72] - authentication successful using: SNOWFLAKE"}
{"level":"INFO","message":"[3:26:51.630 PM]: Trying to initialize Easy Logging"}
{"level":"INFO","message":"[3:26:51.634 PM]: No client config detected."}
{"level":"INFO","message":"[3:26:51.635 PM]: No config file path found. Client config will not be used."}
{"level":"INFO","message":"[3:26:51.636 PM]: Easy Logging is disabled as no config has been found"}
{"level":"INFO","message":"[3:26:52.974 PM]: Connection[id: 0b435203-854b-41fe-95f9-ca6ce046fc72] - connection established successfully after 1356.78 milliseconds"}
{"level":"INFO","message":"[3:26:57.738 PM]: Creating new connection object"}
{"level":"INFO","message":"[3:26:57.755 PM]: Creating Connection[id: c46c66e3-4d37-4ad0-94d6-59a4bfa09c85] with host: GVKNEYQ-QN19413.snowflakecomputing.com, account: GVKNEYQ-QN19413, accessUrl: https://GVKNEYQ-QN19413.snowflakecomputing.com, user: AK8827, role: SECURITYADMIN, database: undefined, schema: undefined, warehouse: COMPUTE_WH, proxy was not configured, password is provided, region: undefined, authenticator: SNOWFLAKE, ocsp mode: FAIL_OPEN, os: win32, os version: 10.0.26100"}
{"level":"INFO","message":"[3:26:57.756 PM]: Connection[id: c46c66e3-4d37-4ad0-94d6-59a4bfa09c85] additional details: passcode in password is provided, passcode is not provided, private key is not provided, application: undefined, client name: snowflake-sdk, client version: 2.3.3, retry timeout: 300, private key path: undefined, private key pass is not provided, client store temporary credential: false, browser response timeout: 120000"}
{"level":"INFO","message":"[3:26:57.757 PM]: Connection[id: c46c66e3-4d37-4ad0-94d6-59a4bfa09c85] - connection object created successfully."}
{"level":"INFO","message":"[3:26:57.758 PM]: Connection[id: c46c66e3-4d37-4ad0-94d6-59a4bfa09c85] - connecting. Associated Snowflake domain: GLOBAL"}
{"level":"INFO","message":"[3:26:57.765 PM]: Connection[id: c46c66e3-4d37-4ad0-94d6-59a4bfa09c85] - authentication successful using: SNOWFLAKE"}
{"level":"INFO","message":"[3:26:57.766 PM]: Trying to initialize Easy Logging"}
{"level":"INFO","message":"[3:26:57.772 PM]: No client config detected."}
{"level":"INFO","message":"[3:26:57.773 PM]: No config file path found. Client config will not be used."}
{"level":"INFO","message":"[3:26:57.774 PM]: Easy Logging is disabled as no config has been found"}
{"level":"INFO","message":"[3:26:58.382 PM]: Connection[id: c46c66e3-4d37-4ad0-94d6-59a4bfa09c85] - connection established successfully after 624.06 milliseconds"}
{"level":"INFO","message":"[3:27:02.540 PM]: Creating new connection object"}
{"level":"INFO","message":"[3:27:02.561 PM]: Creating Connection[id: d9425ec9-7e65-4012-87c0-afee5a431811] with host: GVKNEYQ-QN19413.snowflakecomputing.com, account: GVKNEYQ-QN19413, accessUrl: https://GVKNEYQ-QN19413.snowflakecomputing.com, user: AK8827, role: SECURITYADMIN, database: undefined, schema: undefined, warehouse: COMPUTE_WH, proxy was not configured, password is provided, region: undefined, authenticator: SNOWFLAKE, ocsp mode: FAIL_OPEN, os: win32, os version: 10.0.26100"}
{"level":"INFO","message":"[3:27:02.562 PM]: Connection[id: d9425ec9-7e65-4012-87c0-afee5a431811] additional details: passcode in password is provided, passcode is not provided, private key is not provided, application: undefined, client name: snowflake-sdk, client version: 2.3.3, retry timeout: 300, private key path: undefined, private key pass is not provided, client store temporary credential: false, browser response timeout: 120000"}
{"level":"INFO","message":"[3:27:02.563 PM]: Connection[id: d9425ec9-7e65-4012-87c0-afee5a431811] - connection object created successfully."}
{"level":"INFO","message":"[3:27:02.564 PM]: Connection[id: d9425ec9-7e65-4012-87c0-afee5a431811] - connecting. Associated Snowflake domain: GLOBAL"}
{"level":"INFO","message":"[3:27:02.573 PM]: Connection[id: d9425ec9-7e65-4012-87c0-afee5a431811] - authentication successful using: SNOWFLAKE"}
{"level":"INFO","message":"[3:27:02.574 PM]: Trying to initialize Easy Logging"}
{"level":"INFO","message":"[3:27:02.579 PM]: No client config detected."}
{"level":"INFO","message":"[3:27:02.580 PM]: No config file path found. Client config will not be used."}
{"level":"INFO","message":"[3:27:02.581 PM]: Easy Logging is disabled as no config has been found"}
{"level":"INFO","message":"[3:27:03.283 PM]: Connection[id: d9425ec9-7e65-4012-87c0-afee5a431811] - connection established successfully after 719.26 milliseconds"}
{"level":"INFO","message":"[3:27:12.934 PM]: Creating new connection object"}
{"level":"INFO","message":"[3:27:12.954 PM]: Creating Connection[id: 366af318-d1eb-44f2-9dd4-2ca892efd5f3] with host: GVKNEYQ-QN19413.snowflakecomputing.com, account: GVKNEYQ-QN19413, accessUrl: https://GVKNEYQ-QN19413.snowflakecomputing.com, user: AK8827, role: SECURITYADMIN, database: undefined, schema: undefined, warehouse: COMPUTE_WH, proxy was not configured, password is provided, region: undefined, authenticator: SNOWFLAKE, ocsp mode: FAIL_OPEN, os: win32, os version: 10.0.26100"}
{"level":"INFO","message":"[3:27:12.955 PM]: Connection[id: 366af318-d1eb-44f2-9dd4-2ca892efd5f3] additional details: passcode in password is provided, passcode is not provided, private key is not provided, application: undefined, client name: snowflake-sdk, client version: 2.3.3, retry timeout: 300, private key path: undefined, private key pass is not provided, client store temporary credential: false, browser response timeout: 120000"}
{"level":"INFO","message":"[3:27:12.956 PM]: Connection[id: 366af318-d1eb-44f2-9dd4-2ca892efd5f3] - connection object created successfully."}
{"level":"INFO","message":"[3:27:12.957 PM]: Connection[id: 366af318-d1eb-44f2-9dd4-2ca892efd5f3] - connecting. Associated Snowflake domain: GLOBAL"}
{"level":"INFO","message":"[3:27:12.968 PM]: Connection[id: 366af318-d1eb-44f2-9dd4-2ca892efd5f3] - authentication successful using: SNOWFLAKE"}
{"level":"INFO","message":"[3:27:12.969 PM]: Trying to initialize Easy Logging"}
{"level":"INFO","message":"[3:27:12.974 PM]: No client config detected."}
{"level":"INFO","message":"[3:27:12.974 PM]: No config file path found. Client config will not be used."}
{"level":"INFO","message":"[3:27:12.976 PM]: Easy Logging is disabled as no config has been found"}
{"level":"INFO","message":"[3:27:14.313 PM]: Connection[id: 366af318-d1eb-44f2-9dd4-2ca892efd5f3] - connection established successfully after 1355.98 milliseconds"}
{"level":"INFO","message":"[3:27:17.463 PM]: Creating new connection object"}
{"level":"INFO","message":"[3:27:17.485 PM]: Creating Connection[id: f5efb055-3755-4976-9394-42c619a48177] with host: GVKNEYQ-QN19413.snowflakecomputing.com, account: GVKNEYQ-QN19413, accessUrl: https://GVKNEYQ-QN19413.snowflakecomputing.com, user: AK8827, role: SECURITYADMIN, database: undefined, schema: undefined, warehouse: COMPUTE_WH, proxy was not configured, password is provided, region: undefined, authenticator: SNOWFLAKE, ocsp mode: FAIL_OPEN, os: win32, os version: 10.0.26100"}
{"level":"INFO","message":"[3:27:17.486 PM]: Connection[id: f5efb055-3755-4976-9394-42c619a48177] additional details: passcode in password is provided, passcode is not provided, private key is not provided, application: undefined, client name: snowflake-sdk, client version: 2.3.3, retry timeout: 300, private key path: undefined, private key pass is not provided, client store temporary credential: false, browser response timeout: 120000"}
{"level":"INFO","message":"[3:27:17.487 PM]: Connection[id: f5efb055-3755-4976-9394-42c619a48177] - connection object created successfully."}
{"level":"INFO","message":"[3:27:17.488 PM]: Connection[id: f5efb055-3755-4976-9394-42c619a48177] - connecting. Associated Snowflake domain: GLOBAL"}
{"level":"INFO","message":"[3:27:17.497 PM]: Connection[id: f5efb055-3755-4976-9394-42c619a48177] - authentication successful using: SNOWFLAKE"}
{"level":"INFO","message":"[3:27:17.499 PM]: Trying to initialize Easy Logging"}
{"level":"INFO","message":"[3:27:17.505 PM]: No client config detected."}
{"level":"INFO","message":"[3:27:17.506 PM]: No config file path found. Client config will not be used."}
{"level":"INFO","message":"[3:27:17.507 PM]: Easy Logging is disabled as no config has been found"}
{"level":"INFO","message":"[3:27:18.092 PM]: Connection[id: f5efb055-3755-4976-9394-42c619a48177] - connection established successfully after 604.43 milliseconds"}
{"level":"INFO","message":"[3:27:20.539 PM]: Creating new connection object"}
{"level":"INFO","message":"[3:27:20.556 PM]: Creating Connection[id: 4e21858f-f2d1-40f1-9abe-10276a926d7d] with host: GVKNEYQ-QN19413.snowflakecomputing.com, account: GVKNEYQ-QN19413, accessUrl: https://GVKNEYQ-QN19413.snowflakecomputing.com, user: AK8827, role: SECURITYADMIN, database: undefined, schema: undefined, warehouse: COMPUTE_WH, proxy was not configured, password is provided, region: undefined, authenticator: SNOWFLAKE, ocsp mode: FAIL_OPEN, os: win32, os version: 10.0.26100"}
{"level":"INFO","message":"[3:27:20.556 PM]: Connection[id: 4e21858f-f2d1-40f1-9abe-10276a926d7d] additional details: passcode in password is provided, passcode is not provided, private key is not provided, application: undefined, client name: snowflake-sdk, client version: 2.3.3, retry timeout: 300, private key path: undefined, private key pass is not provided, client store temporary credential: false, browser response timeout: 120000"}
{"level":"INFO","message":"[3:27:20.557 PM]: Connection[id: 4e21858f-f2d1-40f1-9abe-10276a926d7d] - connection object created successfully."}
{"level":"INFO","message":"[3:27:20.558 PM]: Connection[id: 4e21858f-f2d1-40f1-9abe-10276a926d7d] - connecting. Associated Snowflake domain: GLOBAL"}
{"level":"INFO","message":"[3:27:20.567 PM]: Connection[id: 4e21858f-f2d1-40f1-9abe-10276a926d7d] - authentication successful using: SNOWFLAKE"}
{"level":"INFO","message":"[3:27:20.567 PM]: Trying to initialize Easy Logging"}
{"level":"INFO","message":"[3:27:20.572 PM]: No client config detected."}
{"level":"INFO","message":"[3:27:20.573 PM]: No config file path found. Client config will not be used."}
{"level":"INFO","message":"[3:27:20.573 PM]: Easy Logging is disabled as no config has been found"}
{"level":"INFO","message":"[3:27:21.177 PM]: Connection[id: 4e21858f-f2d1-40f1-9abe-10276a926d7d] - connection established successfully after 619.32 milliseconds"}
{"level":"INFO","message":"[3:27:27.671 PM]: Creating new connection object"}
{"level":"INFO","message":"[3:27:27.688 PM]: Creating Connection[id: d584dde7-22c7-4b30-afed-a133b983145c] with host: GVKNEYQ-QN19413.snowflakecomputing.com, account: GVKNEYQ-QN19413, accessUrl: https://GVKNEYQ-QN19413.snowflakecomputing.com, user: AK8827, role: SECURITYADMIN, database: undefined, schema: undefined, warehouse: COMPUTE_WH, proxy was not configured, password is provided, region: undefined, authenticator: SNOWFLAKE, ocsp mode: FAIL_OPEN, os: win32, os version: 10.0.26100"}
{"level":"INFO","message":"[3:27:27.689 PM]: Connection[id: d584dde7-22c7-4b30-afed-a133b983145c] additional details: passcode in password is provided, passcode is not provided, private key is not provided, application: undefined, client name: snowflake-sdk, client version: 2.3.3, retry timeout: 300, private key path: undefined, private key pass is not provided, client store temporary credential: false, browser response timeout: 120000"}
{"level":"INFO","message":"[3:27:27.690 PM]: Connection[id: d584dde7-22c7-4b30-afed-a133b983145c] - connection object created successfully."}
{"level":"INFO","message":"[3:27:27.691 PM]: Connection[id: d584dde7-22c7-4b30-afed-a133b983145c] - connecting. Associated Snowflake domain: GLOBAL"}
{"level":"INFO","message":"[3:27:27.701 PM]: Connection[id: d584dde7-22c7-4b30-afed-a133b983145c] - authentication successful using: SNOWFLAKE"}
{"level":"INFO","message":"[3:27:27.702 PM]: Trying to initialize Easy Logging"}
{"level":"INFO","message":"[3:27:27.707 PM]: No client config detected."}
{"level":"INFO","message":"[3:27:27.708 PM]: No config file path found. Client config will not be used."}
{"level":"INFO","message":"[3:27:27.709 PM]: Easy Logging is disabled as no config has been found"}
{"level":"INFO","message":"[3:27:28.578 PM]: Connection[id: d584dde7-22c7-4b30-afed-a133b983145c] - connection established successfully after 887.13 milliseconds"}
{"level":"INFO","message":"[3:27:31.671 PM]: Creating new connection object"}
{"level":"INFO","message":"[3:27:31.688 PM]: Creating Connection[id: 8f6c213a-1385-4f21-888a-32a4d41b87e4] with host: GVKNEYQ-QN19413.snowflakecomputing.com, account: GVKNEYQ-QN19413, accessUrl: https://GVKNEYQ-QN19413.snowflakecomputing.com, user: AK8827, role: SECURITYADMIN, database: undefined, schema: undefined, warehouse: COMPUTE_WH, proxy was not configured, password is provided, region: undefined, authenticator: SNOWFLAKE, ocsp mode: FAIL_OPEN, os: win32, os version: 10.0.26100"}
{"level":"INFO","message":"[3:27:31.689 PM]: Connection[id: 8f6c213a-1385-4f21-888a-32a4d41b87e4] additional details: passcode in password is provided, passcode is not provided, private key is not provided, application: undefined, client name: snowflake-sdk, client version: 2.3.3, retry timeout: 300, private key path: undefined, private key pass is not provided, client store temporary credential: false, browser response timeout: 120000"}
{"level":"INFO","message":"[3:27:31.690 PM]: Connection[id: 8f6c213a-1385-4f21-888a-32a4d41b87e4] - connection object created successfully."}
{"level":"INFO","message":"[3:27:31.691 PM]: Connection[id: 8f6c213a-1385-4f21-888a-32a4d41b87e4] - connecting. Associated Snowflake domain: GLOBAL"}
{"level":"INFO","message":"[3:27:31.699 PM]: Connection[id: 8f6c213a-1385-4f21-888a-32a4d41b87e4] - authentication successful using: SNOWFLAKE"}
{"level":"INFO","message":"[3:27:31.700 PM]: Trying to initialize Easy Logging"}
{"level":"INFO","message":"[3:27:31.705 PM]: No client config detected."}
{"level":"INFO","message":"[3:27:31.706 PM]: No config file path found. Client config will not be used."}
{"level":"INFO","message":"[3:27:31.707 PM]: Easy Logging is disabled as no config has been found"}
{"level":"INFO","message":"[3:27:32.326 PM]: Connection[id: 8f6c213a-1385-4f21-888a-32a4d41b87e4] - connection established successfully after 634.52 milliseconds"}
{"level":"INFO","message":"[3:27:47.439 PM]: Creating new connection object"}
{"level":"INFO","message":"[3:27:47.458 PM]: Creating Connection[id: b981d3bc-8d11-4bfe-84f3-592ec6281110] with host: GVKNEYQ-QN19413.snowflakecomputing.com, account: GVKNEYQ-QN19413, accessUrl: https://GVKNEYQ-QN19413.snowflakecomputing.com, user: AK8827, role: SECURITYADMIN, database: undefined, schema: undefined, warehouse: COMPUTE_WH, proxy was not configured, password is provided, region: undefined, authenticator: SNOWFLAKE, ocsp mode: FAIL_OPEN, os: win32, os version: 10.0.26100"}
{"level":"INFO","message":"[3:27:47.459 PM]: Connection[id: b981d3bc-8d11-4bfe-84f3-592ec6281110] additional details: passcode in password is provided, passcode is not provided, private key is not provided, application: undefined, client name: snowflake-sdk, client version: 2.3.3, retry timeout: 300, private key path: undefined, private key pass is not provided, client store temporary credential: false, browser response timeout: 120000"}
{"level":"INFO","message":"[3:27:47.460 PM]: Connection[id: b981d3bc-8d11-4bfe-84f3-592ec6281110] - connection object created successfully."}
{"level":"INFO","message":"[3:27:47.461 PM]: Connection[id: b981d3bc-8d11-4bfe-84f3-592ec6281110] - connecting. Associated Snowflake domain: GLOBAL"}
{"level":"INFO","message":"[3:27:47.471 PM]: Connection[id: b981d3bc-8d11-4bfe-84f3-592ec6281110] - authentication successful using: SNOWFLAKE"}
{"level":"INFO","message":"[3:27:47.473 PM]: Trying to initialize Easy Logging"}
{"level":"INFO","message":"[3:27:47.478 PM]: No client config detected."}
{"level":"INFO","message":"[3:27:47.478 PM]: No config file path found. Client config will not be used."}
{"level":"INFO","message":"[3:27:47.479 PM]: Easy Logging is disabled as no config has been found"}
{"level":"INFO","message":"[3:27:48.679 PM]: Connection[id: b981d3bc-8d11-4bfe-84f3-592ec6281110] - connection established successfully after 1217.72 milliseconds"}
{"level":"INFO","message":"[3:27:51.678 PM]: Creating new connection object"}
{"level":"INFO","message":"[3:27:51.698 PM]: Creating Connection[id: 05ea8f16-7d0d-4ad2-b0d6-eddfb5bb71df] with host: GVKNEYQ-QN19413.snowflakecomputing.com, account: GVKNEYQ-QN19413, accessUrl: https://GVKNEYQ-QN19413.snowflakecomputing.com, user: AK8827, role: SECURITYADMIN, database: undefined, schema: undefined, warehouse: COMPUTE_WH, proxy was not configured, password is provided, region: undefined, authenticator: SNOWFLAKE, ocsp mode: FAIL_OPEN, os: win32, os version: 10.0.26100"}
{"level":"INFO","message":"[3:27:51.700 PM]: Connection[id: 05ea8f16-7d0d-4ad2-b0d6-eddfb5bb71df] additional details: passcode in password is provided, passcode is not provided, private key is not provided, application: undefined, client name: snowflake-sdk, client version: 2.3.3, retry timeout: 300, private key path: undefined, private key pass is not provided, client store temporary credential: false, browser response timeout: 120000"}
{"level":"INFO","message":"[3:27:51.701 PM]: Connection[id: 05ea8f16-7d0d-4ad2-b0d6-eddfb5bb71df] - connection object created successfully."}
{"level":"INFO","message":"[3:27:51.702 PM]: Connection[id: 05ea8f16-7d0d-4ad2-b0d6-eddfb5bb71df] - connecting. Associated Snowflake domain: GLOBAL"}
{"level":"INFO","message":"[3:27:51.711 PM]: Connection[id: 05ea8f16-7d0d-4ad2-b0d6-eddfb5bb71df] - authentication successful using: SNOWFLAKE"}
{"level":"INFO","message":"[3:27:51.712 PM]: Trying to initialize Easy Logging"}
{"level":"INFO","message":"[3:27:51.720 PM]: No client config detected."}
{"level":"INFO","message":"[3:27:51.721 PM]: No config file path found. Client config will not be used."}
{"level":"INFO","message":"[3:27:51.722 PM]: Easy Logging is disabled as no config has been found"}
{"level":"INFO","message":"[3:27:52.334 PM]: Connection[id: 05ea8f16-7d0d-4ad2-b0d6-eddfb5bb71df] - connection established successfully after 632.1 milliseconds"}
{"level":"INFO","message":"[3:27:57.121 PM]: Creating new connection object"}
{"level":"INFO","message":"[3:27:57.140 PM]: Creating Connection[id: 82346ccc-a8b2-4277-a3d7-a63b18fe916d] with host: GVKNEYQ-QN19413.snowflakecomputing.com, account: GVKNEYQ-QN19413, accessUrl: https://GVKNEYQ-QN19413.snowflakecomputing.com, user: AK8827, role: SECURITYADMIN, database: undefined, schema: undefined, warehouse: COMPUTE_WH, proxy was not configured, password is provided, region: undefined, authenticator: SNOWFLAKE, ocsp mode: FAIL_OPEN, os: win32, os version: 10.0.26100"}
{"level":"INFO","message":"[3:27:57.141 PM]: Connection[id: 82346ccc-a8b2-4277-a3d7-a63b18fe916d] additional details: passcode in password is provided, passcode is not provided, private key is not provided, application: undefined, client name: snowflake-sdk, client version: 2.3.3, retry timeout: 300, private key path: undefined, private key pass is not provided, client store temporary credential: false, browser response timeout: 120000"}
{"level":"INFO","message":"[3:27:57.142 PM]: Connection[id: 82346ccc-a8b2-4277-a3d7-a63b18fe916d] - connection object created successfully."}
{"level":"INFO","message":"[3:27:57.143 PM]: Connection[id: 82346ccc-a8b2-4277-a3d7-a63b18fe916d] - connecting. Associated Snowflake domain: GLOBAL"}
{"level":"INFO","message":"[3:27:57.152 PM]: Connection[id: 82346ccc-a8b2-4277-a3d7-a63b18fe916d] - authentication successful using: SNOWFLAKE"}
{"level":"INFO","message":"[3:27:57.153 PM]: Trying to initialize Easy Logging"}
{"level":"INFO","message":"[3:27:57.158 PM]: No client config detected."}
{"level":"INFO","message":"[3:27:57.158 PM]: No config file path found. Client config will not be used."}
{"level":"INFO","message":"[3:27:57.160 PM]: Easy Logging is disabled as no config has been found"}
{"level":"INFO","message":"[3:27:57.769 PM]: Connection[id: 82346ccc-a8b2-4277-a3d7-a63b18fe916d] - connection established successfully after 626.19 milliseconds"}
{"level":"INFO","message":"[3:31:12.872 PM]: Creating new connection object"}
{"level":"INFO","message":"[3:31:12.889 PM]: Creating Connection[id: 648fef7b-0a99-4e35-9384-cba3d0d90833] with host: GVKNEYQ-QN19413.snowflakecomputing.com, account: GVKNEYQ-QN19413, accessUrl: https://GVKNEYQ-QN19413.snowflakecomputing.com, user: AK8827, role: SECURITYADMIN, database: undefined, schema: undefined, warehouse: COMPUTE_WH, proxy was not configured, password is provided, region: undefined, authenticator: SNOWFLAKE, ocsp mode: FAIL_OPEN, os: win32, os version: 10.0.26100"}
{"level":"INFO","message":"[3:31:12.890 PM]: Connection[id: 648fef7b-0a99-4e35-9384-cba3d0d90833] additional details: passcode in password is provided, passcode is not provided, private key is not provided, application: undefined, client name: snowflake-sdk, client version: 2.3.3, retry timeout: 300, private key path: undefined, private key pass is not provided, client store temporary credential: false, browser response timeout: 120000"}
{"level":"INFO","message":"[3:31:12.891 PM]: Connection[id: 648fef7b-0a99-4e35-9384-cba3d0d90833] - connection object created successfully."}
{"level":"INFO","message":"[3:31:12.892 PM]: Connection[id: 648fef7b-0a99-4e35-9384-cba3d0d90833] - connecting. Associated Snowflake domain: GLOBAL"}
{"level":"INFO","message":"[3:31:12.899 PM]: Connection[id: 648fef7b-0a99-4e35-9384-cba3d0d90833] - authentication successful using: SNOWFLAKE"}
{"level":"INFO","message":"[3:31:12.900 PM]: Trying to initialize Easy Logging"}
{"level":"INFO","message":"[3:31:12.905 PM]: No client config detected."}
{"level":"INFO","message":"[3:31:12.905 PM]: No config file path found. Client config will not be used."}
{"level":"INFO","message":"[3:31:12.906 PM]: Easy Logging is disabled as no config has been found"}
{"level":"INFO","message":"[3:31:13.905 PM]: Connection[id: 648fef7b-0a99-4e35-9384-cba3d0d90833] - connection established successfully after 1013.47 milliseconds"}
{"level":"INFO","message":"[3:31:40.872 PM]: Creating new connection object"}
{"level":"INFO","message":"[3:31:40.914 PM]: Creating Connection[id: 3d868a68-f2e3-470b-94bf-567573f15e6d] with host: GVKNEYQ-QN19413.snowflakecomputing.com, account: GVKNEYQ-QN19413, accessUrl: https://GVKNEYQ-QN19413.snowflakecomputing.com, user: AK8827, role: SECURITYADMIN, database: undefined, schema: undefined, warehouse: COMPUTE_WH, proxy was not configured, password is provided, region: undefined, authenticator: SNOWFLAKE, ocsp mode: FAIL_OPEN, os: win32, os version: 10.0.26100"}
{"level":"INFO","message":"[3:31:40.918 PM]: Connection[id: 3d868a68-f2e3-470b-94bf-567573f15e6d] additional details: passcode in password is provided, passcode is not provided, private key is not provided, application: undefined, client name: snowflake-sdk, client version: 2.3.3, retry timeout: 300, private key path: undefined, private key pass is not provided, client store temporary credential: false, browser response timeout: 120000"}
{"level":"INFO","message":"[3:31:40.920 PM]: Connection[id: 3d868a68-f2e3-470b-94bf-567573f15e6d] - connection object created successfully."}
{"level":"INFO","message":"[3:31:40.921 PM]: Connection[id: 3d868a68-f2e3-470b-94bf-567573f15e6d] - connecting. Associated Snowflake domain: GLOBAL"}
{"level":"INFO","message":"[3:31:40.937 PM]: Connection[id: 3d868a68-f2e3-470b-94bf-567573f15e6d] - authentication successful using: SNOWFLAKE"}
{"level":"INFO","message":"[3:31:40.938 PM]: Trying to initialize Easy Logging"}
{"level":"INFO","message":"[3:31:40.951 PM]: No client config detected."}
{"level":"INFO","message":"[3:31:40.952 PM]: No config file path found. Client config will not be used."}
{"level":"INFO","message":"[3:31:40.953 PM]: Easy Logging is disabled as no config has been found"}
{"level":"INFO","message":"[3:31:42.126 PM]: Connection[id: 3d868a68-f2e3-470b-94bf-567573f15e6d] - connection established successfully after 1204.8 milliseconds"}
{"level":"INFO","message":"[3:31:58.849 PM]: Creating new connection object"}
{"level":"INFO","message":"[3:31:58.874 PM]: Creating Connection[id: 74f2a0be-8055-4fc8-8c12-032cf99df82e] with host: GVKNEYQ-QN19413.snowflakecomputing.com, account: GVKNEYQ-QN19413, accessUrl: https://GVKNEYQ-QN19413.snowflakecomputing.com, user: AK8827, role: SECURITYADMIN, database: undefined, schema: undefined, warehouse: COMPUTE_WH, proxy was not configured, password is provided, region: undefined, authenticator: SNOWFLAKE, ocsp mode: FAIL_OPEN, os: win32, os version: 10.0.26100"}
{"level":"INFO","message":"[3:31:58.875 PM]: Connection[id: 74f2a0be-8055-4fc8-8c12-032cf99df82e] additional details: passcode in password is provided, passcode is not provided, private key is not provided, application: undefined, client name: snowflake-sdk, client version: 2.3.3, retry timeout: 300, private key path: undefined, private key pass is not provided, client store temporary credential: false, browser response timeout: 120000"}
{"level":"INFO","message":"[3:31:58.877 PM]: Connection[id: 74f2a0be-8055-4fc8-8c12-032cf99df82e] - connection object created successfully."}
{"level":"INFO","message":"[3:31:58.878 PM]: Connection[id: 74f2a0be-8055-4fc8-8c12-032cf99df82e] - connecting. Associated Snowflake domain: GLOBAL"}
{"level":"INFO","message":"[3:31:58.891 PM]: Connection[id: 74f2a0be-8055-4fc8-8c12-032cf99df82e] - authentication successful using: SNOWFLAKE"}
{"level":"INFO","message":"[3:31:58.893 PM]: Trying to initialize Easy Logging"}
{"level":"INFO","message":"[3:31:58.902 PM]: No client config detected."}
{"level":"INFO","message":"[3:31:58.903 PM]: No config file path found. Client config will not be used."}
{"level":"INFO","message":"[3:31:58.905 PM]: Easy Logging is disabled as no config has been found"}
{"level":"INFO","message":"[3:31:59.949 PM]: Connection[id: 74f2a0be-8055-4fc8-8c12-032cf99df82e] - connection established successfully after 1070.94 milliseconds"}
{"level":"INFO","message":"[3:32:11.757 PM]: Creating new connection object"}
{"level":"INFO","message":"[3:32:11.778 PM]: Creating Connection[id: 78019e8e-4e92-4000-a6e9-f90a3e362dd6] with host: GVKNEYQ-QN19413.snowflakecomputing.com, account: GVKNEYQ-QN19413, accessUrl: https://GVKNEYQ-QN19413.snowflakecomputing.com, user: AK8827, role: SECURITYADMIN, database: undefined, schema: undefined, warehouse: COMPUTE_WH, proxy was not configured, password is provided, region: undefined, authenticator: SNOWFLAKE, ocsp mode: FAIL_OPEN, os: win32, os version: 10.0.26100"}
{"level":"INFO","message":"[3:32:11.780 PM]: Connection[id: 78019e8e-4e92-4000-a6e9-f90a3e362dd6] additional details: passcode in password is provided, passcode is not provided, private key is not provided, application: undefined, client name: snowflake-sdk, client version: 2.3.3, retry timeout: 300, private key path: undefined, private key pass is not provided, client store temporary credential: false, browser response timeout: 120000"}
{"level":"INFO","message":"[3:32:11.782 PM]: Connection[id: 78019e8e-4e92-4000-a6e9-f90a3e362dd6] - connection object created successfully."}
{"level":"INFO","message":"[3:32:11.783 PM]: Connection[id: 78019e8e-4e92-4000-a6e9-f90a3e362dd6] - connecting. Associated Snowflake domain: GLOBAL"}
{"level":"INFO","message":"[3:32:11.792 PM]: Connection[id: 78019e8e-4e92-4000-a6e9-f90a3e362dd6] - authentication successful using: SNOWFLAKE"}
{"level":"INFO","message":"[3:32:11.792 PM]: Trying to initialize Easy Logging"}
{"level":"INFO","message":"[3:32:11.799 PM]: No client config detected."}
{"level":"INFO","message":"[3:32:11.801 PM]: No config file path found. Client config will not be used."}
{"level":"INFO","message":"[3:32:11.802 PM]: Easy Logging is disabled as no config has been found"}
{"level":"INFO","message":"[3:32:12.580 PM]: Connection[id: 78019e8e-4e92-4000-a6e9-f90a3e362dd6] - connection established successfully after 796.79 milliseconds"}
{"level":"INFO","message":"[3:33:04.346 PM]: Creating new connection object"}
{"level":"INFO","message":"[3:33:04.364 PM]: Creating Connection[id: 774eebeb-157c-45d2-b7b0-4c62b94d7a4c] with host: GVKNEYQ-QN19413.snowflakecomputing.com, account: GVKNEYQ-QN19413, accessUrl: https://GVKNEYQ-QN19413.snowflakecomputing.com, user: AK8827, role: SECURITYADMIN, database: undefined, schema: undefined, warehouse: COMPUTE_WH, proxy was not configured, password is provided, region: undefined, authenticator: SNOWFLAKE, ocsp mode: FAIL_OPEN, os: win32, os version: 10.0.26100"}
{"level":"INFO","message":"[3:33:04.365 PM]: Connection[id: 774eebeb-157c-45d2-b7b0-4c62b94d7a4c] additional details: passcode in password is provided, passcode is not provided, private key is not provided, application: undefined, client name: snowflake-sdk, client version: 2.3.3, retry timeout: 300, private key path: undefined, private key pass is not provided, client store temporary credential: false, browser response timeout: 120000"}
{"level":"INFO","message":"[3:33:04.366 PM]: Connection[id: 774eebeb-157c-45d2-b7b0-4c62b94d7a4c] - connection object created successfully."}
{"level":"INFO","message":"[3:33:04.367 PM]: Connection[id: 774eebeb-157c-45d2-b7b0-4c62b94d7a4c] - connecting. Associated Snowflake domain: GLOBAL"}
{"level":"INFO","message":"[3:33:04.377 PM]: Connection[id: 774eebeb-157c-45d2-b7b0-4c62b94d7a4c] - authentication successful using: SNOWFLAKE"}
{"level":"INFO","message":"[3:33:04.379 PM]: Trying to initialize Easy Logging"}
{"level":"INFO","message":"[3:33:04.388 PM]: No client config detected."}
{"level":"INFO","message":"[3:33:04.389 PM]: No config file path found. Client config will not be used."}
{"level":"INFO","message":"[3:33:04.390 PM]: Easy Logging is disabled as no config has been found"}
{"level":"INFO","message":"[3:33:05.539 PM]: Connection[id: 774eebeb-157c-45d2-b7b0-4c62b94d7a4c] - connection established successfully after 1172 milliseconds"}
{"level":"INFO","message":"[4:03:37.418 PM]: Creating new connection object"}
{"level":"INFO","message":"[4:03:37.434 PM]: Creating Connection[id: 7ef31363-d37e-49bf-90a9-854151e11e3b] with host: GVKNEYQ-QN19413.snowflakecomputing.com, account: GVKNEYQ-QN19413, accessUrl: https://GVKNEYQ-QN19413.snowflakecomputing.com, user: AK8827, role: ACCOUNTADMIN, database: SNOWFLAKE_LEARNING_DB, schema: PUBLIC, warehouse: COMPUTE_WH, proxy was not configured, password is provided, region: undefined, authenticator: SNOWFLAKE, ocsp mode: FAIL_OPEN, os: win32, os version: 10.0.26100"}
{"level":"INFO","message":"[4:03:37.436 PM]: Connection[id: 7ef31363-d37e-49bf-90a9-854151e11e3b] additional details: passcode in password is provided, passcode is not provided, private key is not provided, application: undefined, client name: snowflake-sdk, client version: 2.3.3, retry timeout: 300, private key path: undefined, private key pass is not provided, client store temporary credential: false, browser response timeout: 120000"}
{"level":"INFO","message":"[4:03:37.437 PM]: Connection[id: 7ef31363-d37e-49bf-90a9-854151e11e3b] - connection object created successfully."}
{"level":"INFO","message":"[4:03:37.438 PM]: Connection[id: 7ef31363-d37e-49bf-90a9-854151e11e3b] - connecting. Associated Snowflake domain: GLOBAL"}
{"level":"INFO","message":"[4:03:37.446 PM]: Connection[id: 7ef31363-d37e-49bf-90a9-854151e11e3b] - authentication successful using: SNOWFLAKE"}
{"level":"INFO","message":"[4:03:37.447 PM]: Trying to initialize Easy Logging"}
{"level":"INFO","message":"[4:03:37.452 PM]: No client config detected."}
{"level":"INFO","message":"[4:03:37.453 PM]: No config file path found. Client config will not be used."}
{"level":"INFO","message":"[4:03:37.454 PM]: Easy Logging is disabled as no config has been found"}
{"level":"INFO","message":"[4:03:38.398 PM]: Connection[id: 7ef31363-d37e-49bf-90a9-854151e11e3b] - connection established successfully after 959.63 milliseconds"}
{"level":"INFO","message":"[4:16:19.307 PM]: Creating new connection object"}
{"level":"INFO","message":"[4:16:19.323 PM]: Creating Connection[id: 8411f819-d5a5-4633-a6ff-587bca3133ae] with host: GVKNEYQ-QN19413.snowflakecomputing.com, account: GVKNEYQ-QN19413, accessUrl: https://GVKNEYQ-QN19413.snowflakecomputing.com, user: AK8827, role: ACCOUNTADMIN, database: SNOWFLAKE_LEARNING_DB, schema: PUBLIC, warehouse: COMPUTE_WH, proxy was not configured, password is provided, region: undefined, authenticator: SNOWFLAKE, ocsp mode: FAIL_OPEN, os: win32, os version: 10.0.26100"}
{"level":"INFO","message":"[4:16:19.324 PM]: Connection[id: 8411f819-d5a5-4633-a6ff-587bca3133ae] additional details: passcode in password is provided, passcode is not provided, private key is not provided, application: undefined, client name: snowflake-sdk, client version: 2.3.3, retry timeout: 300, private key path: undefined, private key pass is not provided, client store temporary credential: false, browser response timeout: 120000"}
{"level":"INFO","message":"[4:16:19.325 PM]: Connection[id: 8411f819-d5a5-4633-a6ff-587bca3133ae] - connection object created successfully."}
{"level":"INFO","message":"[4:16:19.326 PM]: Connection[id: 8411f819-d5a5-4633-a6ff-587bca3133ae] - connecting. Associated Snowflake domain: GLOBAL"}
{"level":"INFO","message":"[4:16:19.333 PM]: Connection[id: 8411f819-d5a5-4633-a6ff-587bca3133ae] - authentication successful using: SNOWFLAKE"}
{"level":"INFO","message":"[4:16:19.334 PM]: Trying to initialize Easy Logging"}
{"level":"INFO","message":"[4:16:19.339 PM]: No client config detected."}
{"level":"INFO","message":"[4:16:19.339 PM]: No config file path found. Client config will not be used."}
{"level":"INFO","message":"[4:16:19.341 PM]: Easy Logging is disabled as no config has been found"}
{"level":"INFO","message":"[4:16:20.293 PM]: Connection[id: 8411f819-d5a5-4633-a6ff-587bca3133ae] - connection established successfully after 967.08 milliseconds"}
{"level":"INFO","message":"[4:16:26.922 PM]: Creating new connection object"}
{"level":"INFO","message":"[4:16:26.942 PM]: Creating Connection[id: a268def4-0e82-44e7-892f-ca1014b2aef8] with host: GVKNEYQ-QN19413.snowflakecomputing.com, account: GVKNEYQ-QN19413, accessUrl: https://GVKNEYQ-QN19413.snowflakecomputing.com, user: AK8827, role: ACCOUNTADMIN, database: SNOWFLAKE_LEARNING_DB, schema: PUBLIC, warehouse: COMPUTE_WH, proxy was not configured, password is provided, region: undefined, authenticator: SNOWFLAKE, ocsp mode: FAIL_OPEN, os: win32, os version: 10.0.26100"}
{"level":"INFO","message":"[4:16:26.943 PM]: Connection[id: a268def4-0e82-44e7-892f-ca1014b2aef8] additional details: passcode in password is provided, passcode is not provided, private key is not provided, application: undefined, client name: snowflake-sdk, client version: 2.3.3, retry timeout: 300, private key path: undefined, private key pass is not provided, client store temporary credential: false, browser response timeout: 120000"}
{"level":"INFO","message":"[4:16:26.945 PM]: Connection[id: a268def4-0e82-44e7-892f-ca1014b2aef8] - connection object created successfully."}
{"level":"INFO","message":"[4:16:26.946 PM]: Connection[id: a268def4-0e82-44e7-892f-ca1014b2aef8] - connecting. Associated Snowflake domain: GLOBAL"}
{"level":"INFO","message":"[4:16:26.955 PM]: Connection[id: a268def4-0e82-44e7-892f-ca1014b2aef8] - authentication successful using: SNOWFLAKE"}
{"level":"INFO","message":"[4:16:26.956 PM]: Trying to initialize Easy Logging"}
{"level":"INFO","message":"[4:16:26.962 PM]: No client config detected."}
{"level":"INFO","message":"[4:16:26.962 PM]: No config file path found. Client config will not be used."}
{"level":"INFO","message":"[4:16:26.966 PM]: Easy Logging is disabled as no config has been found"}
{"level":"INFO","message":"[4:16:27.573 PM]: Connection[id: a268def4-0e82-44e7-892f-ca1014b2aef8] - connection established successfully after 626.35 milliseconds"}
{"level":"INFO","message":"[4:16:36.774 PM]: Creating new connection object"}
{"level":"INFO","message":"[4:16:36.791 PM]: Creating Connection[id: 9ca3491d-2dfa-48f6-8b09-1491b9c61533] with host: GVKNEYQ-QN19413.snowflakecomputing.com, account: GVKNEYQ-QN19413, accessUrl: https://GVKNEYQ-QN19413.snowflakecomputing.com, user: AK8827, role: ACCOUNTADMIN, database: SNOWFLAKE_LEARNING_DB, schema: PUBLIC, warehouse: COMPUTE_WH, proxy was not configured, password is provided, region: undefined, authenticator: SNOWFLAKE, ocsp mode: FAIL_OPEN, os: win32, os version: 10.0.26100"}
{"level":"INFO","message":"[4:16:36.792 PM]: Connection[id: 9ca3491d-2dfa-48f6-8b09-1491b9c61533] additional details: passcode in password is provided, passcode is not provided, private key is not provided, application: undefined, client name: snowflake-sdk, client version: 2.3.3, retry timeout: 300, private key path: undefined, private key pass is not provided, client store temporary credential: false, browser response timeout: 120000"}
{"level":"INFO","message":"[4:16:36.792 PM]: Connection[id: 9ca3491d-2dfa-48f6-8b09-1491b9c61533] - connection object created successfully."}
{"level":"INFO","message":"[4:16:36.793 PM]: Connection[id: 9ca3491d-2dfa-48f6-8b09-1491b9c61533] - connecting. Associated Snowflake domain: GLOBAL"}
{"level":"INFO","message":"[4:16:36.800 PM]: Connection[id: 9ca3491d-2dfa-48f6-8b09-1491b9c61533] - authentication successful using: SNOWFLAKE"}
{"level":"INFO","message":"[4:16:36.801 PM]: Trying to initialize Easy Logging"}
{"level":"INFO","message":"[4:16:36.807 PM]: No client config detected."}
{"level":"INFO","message":"[4:16:36.807 PM]: No config file path found. Client config will not be used."}
{"level":"INFO","message":"[4:16:36.809 PM]: Easy Logging is disabled as no config has been found"}
{"level":"INFO","message":"[4:16:37.579 PM]: Connection[id: 9ca3491d-2dfa-48f6-8b09-1491b9c61533] - connection established successfully after 785.52 milliseconds"}
{"level":"INFO","message":"[4:16:52.445 PM]: Creating new connection object"}
{"level":"INFO","message":"[4:16:52.469 PM]: Creating Connection[id: fb851278-af69-4220-9066-46b6d97db128] with host: GVKNEYQ-QN19413.snowflakecomputing.com, account: GVKNEYQ-QN19413, accessUrl: https://GVKNEYQ-QN19413.snowflakecomputing.com, user: AK8827, role: ACCOUNTADMIN, database: SNOWFLAKE_LEARNING_DB, schema: PUBLIC, warehouse: COMPUTE_WH, proxy was not configured, password is provided, region: undefined, authenticator: SNOWFLAKE, ocsp mode: FAIL_OPEN, os: win32, os version: 10.0.26100"}
{"level":"INFO","message":"[4:16:52.470 PM]: Connection[id: fb851278-af69-4220-9066-46b6d97db128] additional details: passcode in password is provided, passcode is not provided, private key is not provided, application: undefined, client name: snowflake-sdk, client version: 2.3.3, retry timeout: 300, private key path: undefined, private key pass is not provided, client store temporary credential: false, browser response timeout: 120000"}
{"level":"INFO","message":"[4:16:52.471 PM]: Connection[id: fb851278-af69-4220-9066-46b6d97db128] - connection object created successfully."}
{"level":"INFO","message":"[4:16:52.472 PM]: Connection[id: fb851278-af69-4220-9066-46b6d97db128] - connecting. Associated Snowflake domain: GLOBAL"}
{"level":"INFO","message":"[4:16:52.487 PM]: Connection[id: fb851278-af69-4220-9066-46b6d97db128] - authentication successful using: SNOWFLAKE"}
{"level":"INFO","message":"[4:16:52.497 PM]: Trying to initialize Easy Logging"}
{"level":"INFO","message":"[4:16:52.516 PM]: No client config detected."}
{"level":"INFO","message":"[4:16:52.516 PM]: No config file path found. Client config will not be used."}
{"level":"INFO","message":"[4:16:52.517 PM]: Easy Logging is disabled as no config has been found"}
{"level":"INFO","message":"[4:16:53.456 PM]: Connection[id: fb851278-af69-4220-9066-46b6d97db128] - connection established successfully after 983.79 milliseconds"}
{"level":"INFO","message":"[4:17:00.162 PM]: Creating new connection object"}
{"level":"INFO","message":"[4:17:00.183 PM]: Creating Connection[id: b3084588-79a2-4306-a939-475e4ab99519] with host: GVKNEYQ-QN19413.snowflakecomputing.com, account: GVKNEYQ-QN19413, accessUrl: https://GVKNEYQ-QN19413.snowflakecomputing.com, user: AK8827, role: ACCOUNTADMIN, database: SNOWFLAKE_LEARNING_DB, schema: PUBLIC, warehouse: COMPUTE_WH, proxy was not configured, password is provided, region: undefined, authenticator: SNOWFLAKE, ocsp mode: FAIL_OPEN, os: win32, os version: 10.0.26100"}
{"level":"INFO","message":"[4:17:00.184 PM]: Connection[id: b3084588-79a2-4306-a939-475e4ab99519] additional details: passcode in password is provided, passcode is not provided, private key is not provided, application: undefined, client name: snowflake-sdk, client version: 2.3.3, retry timeout: 300, private key path: undefined, private key pass is not provided, client store temporary credential: false, browser response timeout: 120000"}
{"level":"INFO","message":"[4:17:00.184 PM]: Connection[id: b3084588-79a2-4306-a939-475e4ab99519] - connection object created successfully."}
{"level":"INFO","message":"[4:17:00.186 PM]: Connection[id: b3084588-79a2-4306-a939-475e4ab99519] - connecting. Associated Snowflake domain: GLOBAL"}
{"level":"INFO","message":"[4:17:00.195 PM]: Connection[id: b3084588-79a2-4306-a939-475e4ab99519] - authentication successful using: SNOWFLAKE"}
{"level":"INFO","message":"[4:17:00.196 PM]: Trying to initialize Easy Logging"}
{"level":"INFO","message":"[4:17:00.201 PM]: No client config detected."}
{"level":"INFO","message":"[4:17:00.202 PM]: No config file path found. Client config will not be used."}
{"level":"INFO","message":"[4:17:00.203 PM]: Easy Logging is disabled as no config has been found"}
{"level":"INFO","message":"[4:17:00.805 PM]: Connection[id: b3084588-79a2-4306-a939-475e4ab99519] - connection established successfully after 619.17 milliseconds"}
{"level":"INFO","message":"[4:17:20.777 PM]: Creating new connection object"}
{"level":"INFO","message":"[4:17:20.801 PM]: Creating Connection[id: 63dfb459-0116-405d-90d1-383a17fb2de4] with host: GVKNEYQ-QN19413.snowflakecomputing.com, account: GVKNEYQ-QN19413, accessUrl: https://GVKNEYQ-QN19413.snowflakecomputing.com, user: AK8827, role: ACCOUNTADMIN, database: SNOWFLAKE_LEARNING_DB, schema: PUBLIC, warehouse: COMPUTE_WH, proxy was not configured, password is provided, region: undefined, authenticator: SNOWFLAKE, ocsp mode: FAIL_OPEN, os: win32, os version: 10.0.26100"}
{"level":"INFO","message":"[4:17:20.802 PM]: Connection[id: 63dfb459-0116-405d-90d1-383a17fb2de4] additional details: passcode in password is provided, passcode is not provided, private key is not provided, application: undefined, client name: snowflake-sdk, client version: 2.3.3, retry timeout: 300, private key path: undefined, private key pass is not provided, client store temporary credential: false, browser response timeout: 120000"}
{"level":"INFO","message":"[4:17:20.803 PM]: Connection[id: 63dfb459-0116-405d-90d1-383a17fb2de4] - connection object created successfully."}
{"level":"INFO","message":"[4:17:20.804 PM]: Connection[id: 63dfb459-0116-405d-90d1-383a17fb2de4] - connecting. Associated Snowflake domain: GLOBAL"}
{"level":"INFO","message":"[4:17:20.812 PM]: Connection[id: 63dfb459-0116-405d-90d1-383a17fb2de4] - authentication successful using: SNOWFLAKE"}
{"level":"INFO","message":"[4:17:20.813 PM]: Trying to initialize Easy Logging"}
{"level":"INFO","message":"[4:17:20.818 PM]: No client config detected."}
{"level":"INFO","message":"[4:17:20.819 PM]: No config file path found. Client config will not be used."}
{"level":"INFO","message":"[4:17:20.819 PM]: Easy Logging is disabled as no config has been found"}
{"level":"INFO","message":"[4:17:21.761 PM]: Connection[id: 63dfb459-0116-405d-90d1-383a17fb2de4] - connection established successfully after 956.9 milliseconds"}
{"level":"INFO","message":"[4:17:25.443 PM]: Creating new connection object"}
{"level":"INFO","message":"[4:17:25.460 PM]: Creating Connection[id: cc79c8d5-8904-411c-b950-4a8cffe0dc69] with host: GVKNEYQ-QN19413.snowflakecomputing.com, account: GVKNEYQ-QN19413, accessUrl: https://GVKNEYQ-QN19413.snowflakecomputing.com, user: AK8827, role: ACCOUNTADMIN, database: SNOWFLAKE_LEARNING_DB, schema: PUBLIC, warehouse: COMPUTE_WH, proxy was not configured, password is provided, region: undefined, authenticator: SNOWFLAKE, ocsp mode: FAIL_OPEN, os: win32, os version: 10.0.26100"}
{"level":"INFO","message":"[4:17:25.461 PM]: Connection[id: cc79c8d5-8904-411c-b950-4a8cffe0dc69] additional details: passcode in password is provided, passcode is not provided, private key is not provided, application: undefined, client name: snowflake-sdk, client version: 2.3.3, retry timeout: 300, private key path: undefined, private key pass is not provided, client store temporary credential: false, browser response timeout: 120000"}
{"level":"INFO","message":"[4:17:25.462 PM]: Connection[id: cc79c8d5-8904-411c-b950-4a8cffe0dc69] - connection object created successfully."}
{"level":"INFO","message":"[4:17:25.463 PM]: Connection[id: cc79c8d5-8904-411c-b950-4a8cffe0dc69] - connecting. Associated Snowflake domain: GLOBAL"}
{"level":"INFO","message":"[4:17:25.470 PM]: Connection[id: cc79c8d5-8904-411c-b950-4a8cffe0dc69] - authentication successful using: SNOWFLAKE"}
{"level":"INFO","message":"[4:17:25.471 PM]: Trying to initialize Easy Logging"}
{"level":"INFO","message":"[4:17:25.476 PM]: No client config detected."}
{"level":"INFO","message":"[4:17:25.476 PM]: No config file path found. Client config will not be used."}
{"level":"INFO","message":"[4:17:25.477 PM]: Easy Logging is disabled as no config has been found"}
{"level":"INFO","message":"[4:17:26.100 PM]: Connection[id: cc79c8d5-8904-411c-b950-4a8cffe0dc69] - connection established successfully after 636.6 milliseconds"}
{"level":"INFO","message":"[4:17:29.251 PM]: Creating new connection object"}
{"level":"INFO","message":"[4:17:29.268 PM]: Creating Connection[id: 828e40bc-27e4-4f2d-9ef1-60670070e998] with host: GVKNEYQ-QN19413.snowflakecomputing.com, account: GVKNEYQ-QN19413, accessUrl: https://GVKNEYQ-QN19413.snowflakecomputing.com, user: AK8827, role: ACCOUNTADMIN, database: SNOWFLAKE_LEARNING_DB, schema: PUBLIC, warehouse: COMPUTE_WH, proxy was not configured, password is provided, region: undefined, authenticator: SNOWFLAKE, ocsp mode: FAIL_OPEN, os: win32, os version: 10.0.26100"}
{"level":"INFO","message":"[4:17:29.269 PM]: Connection[id: 828e40bc-27e4-4f2d-9ef1-60670070e998] additional details: passcode in password is provided, passcode is not provided, private key is not provided, application: undefined, client name: snowflake-sdk, client version: 2.3.3, retry timeout: 300, private key path: undefined, private key pass is not provided, client store temporary credential: false, browser response timeout: 120000"}
{"level":"INFO","message":"[4:17:29.270 PM]: Connection[id: 828e40bc-27e4-4f2d-9ef1-60670070e998] - connection object created successfully."}
{"level":"INFO","message":"[4:17:29.272 PM]: Connection[id: 828e40bc-27e4-4f2d-9ef1-60670070e998] - connecting. Associated Snowflake domain: GLOBAL"}
{"level":"INFO","message":"[4:17:29.274 PM]: Connection[id: 828e40bc-27e4-4f2d-9ef1-60670070e998] - authentication successful using: SNOWFLAKE"}
{"level":"INFO","message":"[4:17:29.274 PM]: Trying to initialize Easy Logging"}
{"level":"INFO","message":"[4:17:29.280 PM]: No client config detected."}
{"level":"INFO","message":"[4:17:29.280 PM]: No config file path found. Client config will not be used."}
{"level":"INFO","message":"[4:17:29.281 PM]: Easy Logging is disabled as no config has been found"}
{"level":"INFO","message":"[4:17:29.876 PM]: Connection[id: 828e40bc-27e4-4f2d-9ef1-60670070e998] - connection established successfully after 604.4 milliseconds"}
{"level":"INFO","message":"[4:20:01.532 PM]: Creating new connection object"}
{"level":"INFO","message":"[4:20:01.552 PM]: Creating Connection[id: b0a6be84-3d3b-4d82-91ae-147108e7e271] with host: GVKNEYQ-QN19413.snowflakecomputing.com, account: GVKNEYQ-QN19413, accessUrl: https://GVKNEYQ-QN19413.snowflakecomputing.com, user: AK8827, role: ACCOUNTADMIN, database: SNOWFLAKE_LEARNING_DB, schema: PUBLIC, warehouse: COMPUTE_WH, proxy was not configured, password is provided, region: undefined, authenticator: SNOWFLAKE, ocsp mode: FAIL_OPEN, os: win32, os version: 10.0.26100"}
{"level":"INFO","message":"[4:20:01.554 PM]: Connection[id: b0a6be84-3d3b-4d82-91ae-147108e7e271] additional details: passcode in password is provided, passcode is not provided, private key is not provided, application: undefined, client name: snowflake-sdk, client version: 2.3.3, retry timeout: 300, private key path: undefined, private key pass is not provided, client store temporary credential: false, browser response timeout: 120000"}
{"level":"INFO","message":"[4:20:01.554 PM]: Connection[id: b0a6be84-3d3b-4d82-91ae-147108e7e271] - connection object created successfully."}
{"level":"INFO","message":"[4:20:01.555 PM]: Connection[id: b0a6be84-3d3b-4d82-91ae-147108e7e271] - connecting. Associated Snowflake domain: GLOBAL"}
{"level":"INFO","message":"[4:20:01.562 PM]: Connection[id: b0a6be84-3d3b-4d82-91ae-147108e7e271] - authentication successful using: SNOWFLAKE"}
{"level":"INFO","message":"[4:20:01.563 PM]: Trying to initialize Easy Logging"}
{"level":"INFO","message":"[4:20:01.568 PM]: No client config detected."}
{"level":"INFO","message":"[4:20:01.569 PM]: No config file path found. Client config will not be used."}
{"level":"INFO","message":"[4:20:01.570 PM]: Easy Logging is disabled as no config has been found"}
{"level":"INFO","message":"[4:20:02.552 PM]: Connection[id: b0a6be84-3d3b-4d82-91ae-147108e7e271] - connection established successfully after 997.49 milliseconds"}
{"level":"INFO","message":"[4:20:19.614 PM]: Creating new connection object"}
{"level":"INFO","message":"[4:20:19.636 PM]: Creating Connection[id: ed31ef3f-1103-4a4d-afd3-4751b71edd7a] with host: GVKNEYQ-QN19413.snowflakecomputing.com, account: GVKNEYQ-QN19413, accessUrl: https://GVKNEYQ-QN19413.snowflakecomputing.com, user: AK8827, role: ACCOUNTADMIN, database: SNOWFLAKE_LEARNING_DB, schema: PUBLIC, warehouse: COMPUTE_WH, proxy was not configured, password is provided, region: undefined, authenticator: SNOWFLAKE, ocsp mode: FAIL_OPEN, os: win32, os version: 10.0.26100"}
{"level":"INFO","message":"[4:20:19.638 PM]: Connection[id: ed31ef3f-1103-4a4d-afd3-4751b71edd7a] additional details: passcode in password is provided, passcode is not provided, private key is not provided, application: undefined, client name: snowflake-sdk, client version: 2.3.3, retry timeout: 300, private key path: undefined, private key pass is not provided, client store temporary credential: false, browser response timeout: 120000"}
{"level":"INFO","message":"[4:20:19.640 PM]: Connection[id: ed31ef3f-1103-4a4d-afd3-4751b71edd7a] - connection object created successfully."}
{"level":"INFO","message":"[4:20:19.643 PM]: Connection[id: ed31ef3f-1103-4a4d-afd3-4751b71edd7a] - connecting. Associated Snowflake domain: GLOBAL"}
{"level":"INFO","message":"[4:20:19.659 PM]: Connection[id: ed31ef3f-1103-4a4d-afd3-4751b71edd7a] - authentication successful using: SNOWFLAKE"}
{"level":"INFO","message":"[4:20:19.662 PM]: Trying to initialize Easy Logging"}
{"level":"INFO","message":"[4:20:19.669 PM]: No client config detected."}
{"level":"INFO","message":"[4:20:19.670 PM]: No config file path found. Client config will not be used."}
{"level":"INFO","message":"[4:20:19.670 PM]: Easy Logging is disabled as no config has been found"}
{"level":"INFO","message":"[4:20:20.613 PM]: Connection[id: ed31ef3f-1103-4a4d-afd3-4751b71edd7a] - connection established successfully after 970.27 milliseconds"}
{"level":"INFO","message":"[4:20:27.236 PM]: Creating new connection object"}
{"level":"INFO","message":"[4:20:27.253 PM]: Creating Connection[id: 62955307-3226-43b2-83aa-310c83b58ebc] with host: GVKNEYQ-QN19413.snowflakecomputing.com, account: GVKNEYQ-QN19413, accessUrl: https://GVKNEYQ-QN19413.snowflakecomputing.com, user: AK8827, role: ACCOUNTADMIN, database: SNOWFLAKE_LEARNING_DB, schema: PUBLIC, warehouse: COMPUTE_WH, proxy was not configured, password is provided, region: undefined, authenticator: SNOWFLAKE, ocsp mode: FAIL_OPEN, os: win32, os version: 10.0.26100"}
{"level":"INFO","message":"[4:20:27.254 PM]: Connection[id: 62955307-3226-43b2-83aa-310c83b58ebc] additional details: passcode in password is provided, passcode is not provided, private key is not provided, application: undefined, client name: snowflake-sdk, client version: 2.3.3, retry timeout: 300, private key path: undefined, private key pass is not provided, client store temporary credential: false, browser response timeout: 120000"}
{"level":"INFO","message":"[4:20:27.255 PM]: Connection[id: 62955307-3226-43b2-83aa-310c83b58ebc] - connection object created successfully."}
{"level":"INFO","message":"[4:20:27.256 PM]: Connection[id: 62955307-3226-43b2-83aa-310c83b58ebc] - connecting. Associated Snowflake domain: GLOBAL"}
{"level":"INFO","message":"[4:20:27.259 PM]: Connection[id: 62955307-3226-43b2-83aa-310c83b58ebc] - authentication successful using: SNOWFLAKE"}
{"level":"INFO","message":"[4:20:27.260 PM]: Trying to initialize Easy Logging"}
{"level":"INFO","message":"[4:20:27.265 PM]: No client config detected."}
{"level":"INFO","message":"[4:20:27.265 PM]: No config file path found. Client config will not be used."}
{"level":"INFO","message":"[4:20:27.266 PM]: Easy Logging is disabled as no config has been found"}
{"level":"INFO","message":"[4:20:27.870 PM]: Connection[id: 62955307-3226-43b2-83aa-310c83b58ebc] - connection established successfully after 614.12 milliseconds"}
{"level":"INFO","message":"[4:20:47.869 PM]: Creating new connection object"}
{"level":"INFO","message":"[4:20:47.886 PM]: Creating Connection[id: ec9c462b-a62e-4671-bc40-9cb0ac849adb] with host: GVKNEYQ-QN19413.snowflakecomputing.com, account: GVKNEYQ-QN19413, accessUrl: https://GVKNEYQ-QN19413.snowflakecomputing.com, user: AK8827, role: ACCOUNTADMIN, database: SNOWFLAKE_LEARNING_DB, schema: PUBLIC, warehouse: COMPUTE_WH, proxy was not configured, password is provided, region: undefined, authenticator: SNOWFLAKE, ocsp mode: FAIL_OPEN, os: win32, os version: 10.0.26100"}
{"level":"INFO","message":"[4:20:47.887 PM]: Connection[id: ec9c462b-a62e-4671-bc40-9cb0ac849adb] additional details: passcode in password is provided, passcode is not provided, private key is not provided, application: undefined, client name: snowflake-sdk, client version: 2.3.3, retry timeout: 300, private key path: undefined, private key pass is not provided, client store temporary credential: false, browser response timeout: 120000"}
{"level":"INFO","message":"[4:20:47.887 PM]: Connection[id: ec9c462b-a62e-4671-bc40-9cb0ac849adb] - connection object created successfully."}
{"level":"INFO","message":"[4:20:47.888 PM]: Connection[id: ec9c462b-a62e-4671-bc40-9cb0ac849adb] - connecting. Associated Snowflake domain: GLOBAL"}
{"level":"INFO","message":"[4:20:47.896 PM]: Connection[id: ec9c462b-a62e-4671-bc40-9cb0ac849adb] - authentication successful using: SNOWFLAKE"}
{"level":"INFO","message":"[4:20:47.897 PM]: Trying to initialize Easy Logging"}
{"level":"INFO","message":"[4:20:47.902 PM]: No client config detected."}
{"level":"INFO","message":"[4:20:47.902 PM]: No config file path found. Client config will not be used."}
{"level":"INFO","message":"[4:20:47.903 PM]: Easy Logging is disabled as no config has been found"}
{"level":"INFO","message":"[4:20:48.840 PM]: Connection[id: ec9c462b-a62e-4671-bc40-9cb0ac849adb] - connection established successfully after 951.32 milliseconds"}
{"level":"INFO","message":"[4:20:50.029 PM]: Creating new connection object"}
{"level":"INFO","message":"[4:20:50.045 PM]: Creating Connection[id: 6d388c43-8d89-490e-befe-4aa016dc4137] with host: GVKNEYQ-QN19413.snowflakecomputing.com, account: GVKNEYQ-QN19413, accessUrl: https://GVKNEYQ-QN19413.snowflakecomputing.com, user: AK8827, role: ACCOUNTADMIN, database: SNOWFLAKE_LEARNING_DB, schema: PUBLIC, warehouse: COMPUTE_WH, proxy was not configured, password is provided, region: undefined, authenticator: SNOWFLAKE, ocsp mode: FAIL_OPEN, os: win32, os version: 10.0.26100"}
{"level":"INFO","message":"[4:20:50.046 PM]: Connection[id: 6d388c43-8d89-490e-befe-4aa016dc4137] additional details: passcode in password is provided, passcode is not provided, private key is not provided, application: undefined, client name: snowflake-sdk, client version: 2.3.3, retry timeout: 300, private key path: undefined, private key pass is not provided, client store temporary credential: false, browser response timeout: 120000"}
{"level":"INFO","message":"[4:20:50.047 PM]: Connection[id: 6d388c43-8d89-490e-befe-4aa016dc4137] - connection object created successfully."}
{"level":"INFO","message":"[4:20:50.048 PM]: Connection[id: 6d388c43-8d89-490e-befe-4aa016dc4137] - connecting. Associated Snowflake domain: GLOBAL"}
{"level":"INFO","message":"[4:20:50.056 PM]: Connection[id: 6d388c43-8d89-490e-befe-4aa016dc4137] - authentication successful using: SNOWFLAKE"}
{"level":"INFO","message":"[4:20:50.057 PM]: Trying to initialize Easy Logging"}
{"level":"INFO","message":"[4:20:50.061 PM]: No client config detected."}
{"level":"INFO","message":"[4:20:50.062 PM]: No config file path found. Client config will not be used."}
{"level":"INFO","message":"[4:20:50.063 PM]: Easy Logging is disabled as no config has been found"}
{"level":"INFO","message":"[4:20:50.648 PM]: Connection[id: 6d388c43-8d89-490e-befe-4aa016dc4137] - connection established successfully after 600.2 milliseconds"}
{"level":"INFO","message":"[4:20:56.916 PM]: Creating new connection object"}
{"level":"INFO","message":"[4:20:56.935 PM]: Creating Connection[id: 6261d793-c277-495e-912c-0434b6beaa2f] with host: GVKNEYQ-QN19413.snowflakecomputing.com, account: GVKNEYQ-QN19413, accessUrl: https://GVKNEYQ-QN19413.snowflakecomputing.com, user: AK8827, role: ACCOUNTADMIN, database: SNOWFLAKE_LEARNING_DB, schema: PUBLIC, warehouse: COMPUTE_WH, proxy was not configured, password is provided, region: undefined, authenticator: SNOWFLAKE, ocsp mode: FAIL_OPEN, os: win32, os version: 10.0.26100"}
{"level":"INFO","message":"[4:20:56.936 PM]: Connection[id: 6261d793-c277-495e-912c-0434b6beaa2f] additional details: passcode in password is provided, passcode is not provided, private key is not provided, application: undefined, client name: snowflake-sdk, client version: 2.3.3, retry timeout: 300, private key path: undefined, private key pass is not provided, client store temporary credential: false, browser response timeout: 120000"}
{"level":"INFO","message":"[4:20:56.937 PM]: Connection[id: 6261d793-c277-495e-912c-0434b6beaa2f] - connection object created successfully."}
{"level":"INFO","message":"[4:20:56.938 PM]: Connection[id: 6261d793-c277-495e-912c-0434b6beaa2f] - connecting. Associated Snowflake domain: GLOBAL"}
{"level":"INFO","message":"[4:20:56.946 PM]: Connection[id: 6261d793-c277-495e-912c-0434b6beaa2f] - authentication successful using: SNOWFLAKE"}
{"level":"INFO","message":"[4:20:56.947 PM]: Trying to initialize Easy Logging"}
{"level":"INFO","message":"[4:20:56.952 PM]: No client config detected."}
{"level":"INFO","message":"[4:20:56.953 PM]: No config file path found. Client config will not be used."}
{"level":"INFO","message":"[4:20:56.954 PM]: Easy Logging is disabled as no config has been found"}
{"level":"INFO","message":"[4:20:57.538 PM]: Connection[id: 6261d793-c277-495e-912c-0434b6beaa2f] - connection established successfully after 599.95 milliseconds"}
{"level":"INFO","message":"[4:26:20.719 PM]: Creating new connection object"}
{"level":"INFO","message":"[4:26:20.738 PM]: Creating Connection[id: 28754b32-d6d3-4927-b390-bb3d3dd87bb1] with host: GVKNEYQ-QN19413.snowflakecomputing.com, account: GVKNEYQ-QN19413, accessUrl: https://GVKNEYQ-QN19413.snowflakecomputing.com, user: AK8827, role: ACCOUNTADMIN, database: SNOWFLAKE_LEARNING_DB, schema: PUBLIC, warehouse: COMPUTE_WH, proxy was not configured, password is provided, region: undefined, authenticator: SNOWFLAKE, ocsp mode: FAIL_OPEN, os: win32, os version: 10.0.26100"}
{"level":"INFO","message":"[4:26:20.739 PM]: Connection[id: 28754b32-d6d3-4927-b390-bb3d3dd87bb1] additional details: passcode in password is provided, passcode is not provided, private key is not provided, application: undefined, client name: snowflake-sdk, client version: 2.3.3, retry timeout: 300, private key path: undefined, private key pass is not provided, client store temporary credential: false, browser response timeout: 120000"}
{"level":"INFO","message":"[4:26:20.740 PM]: Connection[id: 28754b32-d6d3-4927-b390-bb3d3dd87bb1] - connection object created successfully."}
{"level":"INFO","message":"[4:26:20.741 PM]: Connection[id: 28754b32-d6d3-4927-b390-bb3d3dd87bb1] - connecting. Associated Snowflake domain: GLOBAL"}
{"level":"INFO","message":"[4:26:20.752 PM]: Connection[id: 28754b32-d6d3-4927-b390-bb3d3dd87bb1] - authentication successful using: SNOWFLAKE"}
{"level":"INFO","message":"[4:26:20.753 PM]: Trying to initialize Easy Logging"}
{"level":"INFO","message":"[4:26:20.758 PM]: No client config detected."}
{"level":"INFO","message":"[4:26:20.758 PM]: No config file path found. Client config will not be used."}
{"level":"INFO","message":"[4:26:20.759 PM]: Easy Logging is disabled as no config has been found"}
{"level":"INFO","message":"[4:26:21.750 PM]: Connection[id: 28754b32-d6d3-4927-b390-bb3d3dd87bb1] - connection established successfully after 1009.12 milliseconds"}
{"level":"INFO","message":"[4:26:37.274 PM]: Creating new connection object"}
{"level":"INFO","message":"[4:26:37.291 PM]: Creating Connection[id: 4d2f8879-fe64-4bc9-a1c6-7698d1559907] with host: GVKNEYQ-QN19413.snowflakecomputing.com, account: GVKNEYQ-QN19413, accessUrl: https://GVKNEYQ-QN19413.snowflakecomputing.com, user: AK8827, role: ACCOUNTADMIN, database: SNOWFLAKE_LEARNING_DB, schema: PUBLIC, warehouse: COMPUTE_WH, proxy was not configured, password is provided, region: undefined, authenticator: SNOWFLAKE, ocsp mode: FAIL_OPEN, os: win32, os version: 10.0.26100"}
{"level":"INFO","message":"[4:26:37.293 PM]: Connection[id: 4d2f8879-fe64-4bc9-a1c6-7698d1559907] additional details: passcode in password is provided, passcode is not provided, private key is not provided, application: undefined, client name: snowflake-sdk, client version: 2.3.3, retry timeout: 300, private key path: undefined, private key pass is not provided, client store temporary credential: false, browser response timeout: 120000"}
{"level":"INFO","message":"[4:26:37.294 PM]: Connection[id: 4d2f8879-fe64-4bc9-a1c6-7698d1559907] - connection object created successfully."}
{"level":"INFO","message":"[4:26:37.295 PM]: Connection[id: 4d2f8879-fe64-4bc9-a1c6-7698d1559907] - connecting. Associated Snowflake domain: GLOBAL"}
{"level":"INFO","message":"[4:26:37.305 PM]: Connection[id: 4d2f8879-fe64-4bc9-a1c6-7698d1559907] - authentication successful using: SNOWFLAKE"}
{"level":"INFO","message":"[4:26:37.306 PM]: Trying to initialize Easy Logging"}
{"level":"INFO","message":"[4:26:37.315 PM]: No client config detected."}
{"level":"INFO","message":"[4:26:37.316 PM]: No config file path found. Client config will not be used."}
{"level":"INFO","message":"[4:26:37.317 PM]: Easy Logging is disabled as no config has been found"}
{"level":"INFO","message":"[4:26:38.544 PM]: Connection[id: 4d2f8879-fe64-4bc9-a1c6-7698d1559907] - connection established successfully after 1249.48 milliseconds"}
{"level":"INFO","message":"[4:27:48.846 PM]: Creating new connection object"}
{"level":"INFO","message":"[4:27:48.885 PM]: Creating Connection[id: 442c44a6-90ff-4df3-8cc1-defbd88d305f] with host: GVKNEYQ-QN19413.snowflakecomputing.com, account: GVKNEYQ-QN19413, accessUrl: https://GVKNEYQ-QN19413.snowflakecomputing.com, user: AK8827, role: ACCOUNTADMIN, database: SNOWFLAKE_LEARNING_DB, schema: PUBLIC, warehouse: COMPUTE_WH, proxy was not configured, password is provided, region: undefined, authenticator: SNOWFLAKE, ocsp mode: FAIL_OPEN, os: win32, os version: 10.0.26100"}
{"level":"INFO","message":"[4:27:48.889 PM]: Connection[id: 442c44a6-90ff-4df3-8cc1-defbd88d305f] additional details: passcode in password is provided, passcode is not provided, private key is not provided, application: undefined, client name: snowflake-sdk, client version: 2.3.3, retry timeout: 300, private key path: undefined, private key pass is not provided, client store temporary credential: false, browser response timeout: 120000"}
{"level":"INFO","message":"[4:27:48.891 PM]: Connection[id: 442c44a6-90ff-4df3-8cc1-defbd88d305f] - connection object created successfully."}
{"level":"INFO","message":"[4:27:48.892 PM]: Connection[id: 442c44a6-90ff-4df3-8cc1-defbd88d305f] - connecting. Associated Snowflake domain: GLOBAL"}
{"level":"INFO","message":"[4:27:48.910 PM]: Connection[id: 442c44a6-90ff-4df3-8cc1-defbd88d305f] - authentication successful using: SNOWFLAKE"}
{"level":"INFO","message":"[4:27:48.913 PM]: Trying to initialize Easy Logging"}
{"level":"INFO","message":"[4:27:48.923 PM]: No client config detected."}
{"level":"INFO","message":"[4:27:48.924 PM]: No config file path found. Client config will not be used."}
{"level":"INFO","message":"[4:27:48.926 PM]: Easy Logging is disabled as no config has been found"}
{"level":"INFO","message":"[4:27:50.036 PM]: Connection[id: 442c44a6-90ff-4df3-8cc1-defbd88d305f] - connection established successfully after 1143.91 milliseconds"}
{"level":"INFO","message":"[4:33:40.360 PM]: Creating new connection object"}
{"level":"INFO","message":"[4:33:40.378 PM]: Creating Connection[id: 2cf52990-9757-4783-8175-88f9880fb20d] with host: GVKNEYQ-QN19413.snowflakecomputing.com, account: GVKNEYQ-QN19413, accessUrl: https://GVKNEYQ-QN19413.snowflakecomputing.com, user: AK8827, role: SYSADMIN, database: SNOWFLAKE_LEARNING_DB, schema: PUBLIC, warehouse: COMPUTE_WH, proxy was not configured, password is provided, region: undefined, authenticator: SNOWFLAKE, ocsp mode: FAIL_OPEN, os: win32, os version: 10.0.26100"}
{"level":"INFO","message":"[4:33:40.379 PM]: Connection[id: 2cf52990-9757-4783-8175-88f9880fb20d] additional details: passcode in password is provided, passcode is not provided, private key is not provided, application: undefined, client name: snowflake-sdk, client version: 2.3.3, retry timeout: 300, private key path: undefined, private key pass is not provided, client store temporary credential: false, browser response timeout: 120000"}
{"level":"INFO","message":"[4:33:40.380 PM]: Connection[id: 2cf52990-9757-4783-8175-88f9880fb20d] - connection object created successfully."}
{"level":"INFO","message":"[4:33:40.381 PM]: Connection[id: 2cf52990-9757-4783-8175-88f9880fb20d] - connecting. Associated Snowflake domain: GLOBAL"}
{"level":"INFO","message":"[4:33:40.388 PM]: Connection[id: 2cf52990-9757-4783-8175-88f9880fb20d] - authentication successful using: SNOWFLAKE"}
{"level":"INFO","message":"[4:33:40.389 PM]: Trying to initialize Easy Logging"}
{"level":"INFO","message":"[4:33:40.395 PM]: No client config detected."}
{"level":"INFO","message":"[4:33:40.397 PM]: No config file path found. Client config will not be used."}
{"level":"INFO","message":"[4:33:40.398 PM]: Easy Logging is disabled as no config has been found"}
{"level":"INFO","message":"[4:33:41.468 PM]: Connection[id: 2cf52990-9757-4783-8175-88f9880fb20d] - connection established successfully after 1087.5 milliseconds"}
{"level":"INFO","message":"[4:34:14.902 PM]: Creating new connection object"}
{"level":"INFO","message":"[4:34:14.922 PM]: Creating Connection[id: 7bf51e74-dda0-4140-8ebf-286cdd4f8546] with host: GVKNEYQ-QN19413.snowflakecomputing.com, account: GVKNEYQ-QN19413, accessUrl: https://GVKNEYQ-QN19413.snowflakecomputing.com, user: AK8827, role: SYSADMIN, database: SNOWFLAKE_LEARNING_DB, schema: PUBLIC, warehouse: COMPUTE_WH, proxy was not configured, password is provided, region: undefined, authenticator: SNOWFLAKE, ocsp mode: FAIL_OPEN, os: win32, os version: 10.0.26100"}
{"level":"INFO","message":"[4:34:14.923 PM]: Connection[id: 7bf51e74-dda0-4140-8ebf-286cdd4f8546] additional details: passcode in password is provided, passcode is not provided, private key is not provided, application: undefined, client name: snowflake-sdk, client version: 2.3.3, retry timeout: 300, private key path: undefined, private key pass is not provided, client store temporary credential: false, browser response timeout: 120000"}
{"level":"INFO","message":"[4:34:14.925 PM]: Connection[id: 7bf51e74-dda0-4140-8ebf-286cdd4f8546] - connection object created successfully."}
{"level":"INFO","message":"[4:34:14.928 PM]: Connection[id: 7bf51e74-dda0-4140-8ebf-286cdd4f8546] - connecting. Associated Snowflake domain: GLOBAL"}
{"level":"INFO","message":"[4:34:14.939 PM]: Connection[id: 7bf51e74-dda0-4140-8ebf-286cdd4f8546] - authentication successful using: SNOWFLAKE"}
{"level":"INFO","message":"[4:34:14.940 PM]: Trying to initialize Easy Logging"}
{"level":"INFO","message":"[4:34:14.953 PM]: No client config detected."}
{"level":"INFO","message":"[4:34:14.953 PM]: No config file path found. Client config will not be used."}
{"level":"INFO","message":"[4:34:14.954 PM]: Easy Logging is disabled as no config has been found"}
{"level":"INFO","message":"[4:34:16.069 PM]: Connection[id: 7bf51e74-dda0-4140-8ebf-286cdd4f8546] - connection established successfully after 1141.06 milliseconds"}
{"level":"INFO","message":"[4:34:41.873 PM]: Creating new connection object"}
{"level":"INFO","message":"[4:34:41.891 PM]: Creating Connection[id: 3029d748-c03e-4ced-90d6-f00749935ee8] with host: GVKNEYQ-QN19413.snowflakecomputing.com, account: GVKNEYQ-QN19413, accessUrl: https://GVKNEYQ-QN19413.snowflakecomputing.com, user: AK8827, role: SYSADMIN, database: SNOWFLAKE_LEARNING_DB, schema: PUBLIC, warehouse: COMPUTE_WH, proxy was not configured, password is provided, region: undefined, authenticator: SNOWFLAKE, ocsp mode: FAIL_OPEN, os: win32, os version: 10.0.26100"}
{"level":"INFO","message":"[4:34:41.891 PM]: Connection[id: 3029d748-c03e-4ced-90d6-f00749935ee8] additional details: passcode in password is provided, passcode is not provided, private key is not provided, application: undefined, client name: snowflake-sdk, client version: 2.3.3, retry timeout: 300, private key path: undefined, private key pass is not provided, client store temporary credential: false, browser response timeout: 120000"}
{"level":"INFO","message":"[4:34:41.892 PM]: Connection[id: 3029d748-c03e-4ced-90d6-f00749935ee8] - connection object created successfully."}
{"level":"INFO","message":"[4:34:41.893 PM]: Connection[id: 3029d748-c03e-4ced-90d6-f00749935ee8] - connecting. Associated Snowflake domain: GLOBAL"}
{"level":"INFO","message":"[4:34:41.901 PM]: Connection[id: 3029d748-c03e-4ced-90d6-f00749935ee8] - authentication successful using: SNOWFLAKE"}
{"level":"INFO","message":"[4:34:41.903 PM]: Trying to initialize Easy Logging"}
{"level":"INFO","message":"[4:34:41.907 PM]: No client config detected."}
{"level":"INFO","message":"[4:34:41.908 PM]: No config file path found. Client config will not be used."}
{"level":"INFO","message":"[4:34:41.908 PM]: Easy Logging is disabled as no config has been found"}
{"level":"INFO","message":"[4:34:42.867 PM]: Connection[id: 3029d748-c03e-4ced-90d6-f00749935ee8] - connection established successfully after 973.76 milliseconds"}
{"level":"INFO","message":"[4:35:25.295 PM]: Creating new connection object"}
{"level":"INFO","message":"[4:35:25.313 PM]: Creating Connection[id: ce0f53ad-b531-476c-acd8-bf5bdb8fa596] with host: GVKNEYQ-QN19413.snowflakecomputing.com, account: GVKNEYQ-QN19413, accessUrl: https://GVKNEYQ-QN19413.snowflakecomputing.com, user: AK8827, role: ACCOUNTADMIN, database: SNOWFLAKE_LEARNING_DB, schema: PUBLIC, warehouse: COMPUTE_WH, proxy was not configured, password is provided, region: undefined, authenticator: SNOWFLAKE, ocsp mode: FAIL_OPEN, os: win32, os version: 10.0.26100"}
{"level":"INFO","message":"[4:35:25.315 PM]: Connection[id: ce0f53ad-b531-476c-acd8-bf5bdb8fa596] additional details: passcode in password is provided, passcode is not provided, private key is not provided, application: undefined, client name: snowflake-sdk, client version: 2.3.3, retry timeout: 300, private key path: undefined, private key pass is not provided, client store temporary credential: false, browser response timeout: 120000"}
{"level":"INFO","message":"[4:35:25.316 PM]: Connection[id: ce0f53ad-b531-476c-acd8-bf5bdb8fa596] - connection object created successfully."}
{"level":"INFO","message":"[4:35:25.318 PM]: Connection[id: ce0f53ad-b531-476c-acd8-bf5bdb8fa596] - connecting. Associated Snowflake domain: GLOBAL"}
{"level":"INFO","message":"[4:35:25.325 PM]: Connection[id: ce0f53ad-b531-476c-acd8-bf5bdb8fa596] - authentication successful using: SNOWFLAKE"}
{"level":"INFO","message":"[4:35:25.326 PM]: Trying to initialize Easy Logging"}
{"level":"INFO","message":"[4:35:25.332 PM]: No client config detected."}
{"level":"INFO","message":"[4:35:25.333 PM]: No config file path found. Client config will not be used."}
{"level":"INFO","message":"[4:35:25.335 PM]: Easy Logging is disabled as no config has been found"}
{"level":"INFO","message":"[4:35:26.270 PM]: Connection[id: ce0f53ad-b531-476c-acd8-bf5bdb8fa596] - connection established successfully after 952.15 milliseconds"}
{"level":"INFO","message":"[4:36:35.539 PM]: Creating new connection object"}
{"level":"INFO","message":"[4:36:35.556 PM]: Creating Connection[id: 278b94e0-0310-4e53-9d3b-a79da9575c41] with host: GVKNEYQ-QN19413.snowflakecomputing.com, account: GVKNEYQ-QN19413, accessUrl: https://GVKNEYQ-QN19413.snowflakecomputing.com, user: AK8827, role: ACCOUNTADMIN, database: SNOWFLAKE_LEARNING_DB, schema: PUBLIC, warehouse: COMPUTE_WH, proxy was not configured, password is provided, region: undefined, authenticator: SNOWFLAKE, ocsp mode: FAIL_OPEN, os: win32, os version: 10.0.26100"}
{"level":"INFO","message":"[4:36:35.558 PM]: Connection[id: 278b94e0-0310-4e53-9d3b-a79da9575c41] additional details: passcode in password is provided, passcode is not provided, private key is not provided, application: undefined, client name: snowflake-sdk, client version: 2.3.3, retry timeout: 300, private key path: undefined, private key pass is not provided, client store temporary credential: false, browser response timeout: 120000"}
{"level":"INFO","message":"[4:36:35.560 PM]: Connection[id: 278b94e0-0310-4e53-9d3b-a79da9575c41] - connection object created successfully."}
{"level":"INFO","message":"[4:36:35.561 PM]: Connection[id: 278b94e0-0310-4e53-9d3b-a79da9575c41] - connecting. Associated Snowflake domain: GLOBAL"}
{"level":"INFO","message":"[4:36:35.568 PM]: Connection[id: 278b94e0-0310-4e53-9d3b-a79da9575c41] - authentication successful using: SNOWFLAKE"}
{"level":"INFO","message":"[4:36:35.570 PM]: Trying to initialize Easy Logging"}
{"level":"INFO","message":"[4:36:35.578 PM]: No client config detected."}
{"level":"INFO","message":"[4:36:35.579 PM]: No config file path found. Client config will not be used."}
{"level":"INFO","message":"[4:36:35.579 PM]: Easy Logging is disabled as no config has been found"}
{"level":"INFO","message":"[4:36:36.559 PM]: Connection[id: 278b94e0-0310-4e53-9d3b-a79da9575c41] - connection established successfully after 997.95 milliseconds"}
{"level":"INFO","message":"[4:38:00.383 PM]: Creating new connection object"}
{"level":"INFO","message":"[4:38:00.443 PM]: Creating Connection[id: 0e823e69-f23e-4699-acd7-1aa8d86a893a] with host: GVKNEYQ-QN19413.snowflakecomputing.com, account: GVKNEYQ-QN19413, accessUrl: https://GVKNEYQ-QN19413.snowflakecomputing.com, user: AK8827, role: ACCOUNTADMIN, database: SNOWFLAKE_LEARNING_DB, schema: PUBLIC, warehouse: COMPUTE_WH, proxy was not configured, password is provided, region: undefined, authenticator: SNOWFLAKE, ocsp mode: FAIL_OPEN, os: win32, os version: 10.0.26100"}
{"level":"INFO","message":"[4:38:00.445 PM]: Connection[id: 0e823e69-f23e-4699-acd7-1aa8d86a893a] additional details: passcode in password is provided, passcode is not provided, private key is not provided, application: undefined, client name: snowflake-sdk, client version: 2.3.3, retry timeout: 300, private key path: undefined, private key pass is not provided, client store temporary credential: false, browser response timeout: 120000"}
{"level":"INFO","message":"[4:38:00.449 PM]: Connection[id: 0e823e69-f23e-4699-acd7-1aa8d86a893a] - connection object created successfully."}
{"level":"INFO","message":"[4:38:00.450 PM]: Connection[id: 0e823e69-f23e-4699-acd7-1aa8d86a893a] - connecting. Associated Snowflake domain: GLOBAL"}
{"level":"INFO","message":"[4:38:00.463 PM]: Connection[id: 0e823e69-f23e-4699-acd7-1aa8d86a893a] - authentication successful using: SNOWFLAKE"}
{"level":"INFO","message":"[4:38:00.465 PM]: Trying to initialize Easy Logging"}
{"level":"INFO","message":"[4:38:00.475 PM]: No client config detected."}
{"level":"INFO","message":"[4:38:00.486 PM]: No config file path found. Client config will not be used."}
{"level":"INFO","message":"[4:38:00.500 PM]: Easy Logging is disabled as no config has been found"}
{"level":"INFO","message":"[4:38:01.541 PM]: Connection[id: 0e823e69-f23e-4699-acd7-1aa8d86a893a] - connection established successfully after 1091.04 milliseconds"}
{"level":"INFO","message":"[4:38:05.527 PM]: Creating new connection object"}
{"level":"INFO","message":"[4:38:05.555 PM]: Creating Connection[id: cb7b3503-b990-424c-96fa-1f775a04d33f] with host: GVKNEYQ-QN19413.snowflakecomputing.com, account: GVKNEYQ-QN19413, accessUrl: https://GVKNEYQ-QN19413.snowflakecomputing.com, user: AK8827, role: ACCOUNTADMIN, database: SNOWFLAKE_LEARNING_DB, schema: PUBLIC, warehouse: COMPUTE_WH, proxy was not configured, password is provided, region: undefined, authenticator: SNOWFLAKE, ocsp mode: FAIL_OPEN, os: win32, os version: 10.0.26100"}
{"level":"INFO","message":"[4:38:05.556 PM]: Connection[id: cb7b3503-b990-424c-96fa-1f775a04d33f] additional details: passcode in password is provided, passcode is not provided, private key is not provided, application: undefined, client name: snowflake-sdk, client version: 2.3.3, retry timeout: 300, private key path: undefined, private key pass is not provided, client store temporary credential: false, browser response timeout: 120000"}
{"level":"INFO","message":"[4:38:05.558 PM]: Connection[id: cb7b3503-b990-424c-96fa-1f775a04d33f] - connection object created successfully."}
{"level":"INFO","message":"[4:38:05.558 PM]: Connection[id: cb7b3503-b990-424c-96fa-1f775a04d33f] - connecting. Associated Snowflake domain: GLOBAL"}
{"level":"INFO","message":"[4:38:05.575 PM]: Connection[id: cb7b3503-b990-424c-96fa-1f775a04d33f] - authentication successful using: SNOWFLAKE"}
{"level":"INFO","message":"[4:38:05.576 PM]: Trying to initialize Easy Logging"}
{"level":"INFO","message":"[4:38:05.580 PM]: No client config detected."}
{"level":"INFO","message":"[4:38:05.581 PM]: No config file path found. Client config will not be used."}
{"level":"INFO","message":"[4:38:05.581 PM]: Easy Logging is disabled as no config has been found"}
{"level":"INFO","message":"[4:38:06.240 PM]: Connection[id: cb7b3503-b990-424c-96fa-1f775a04d33f] - connection established successfully after 681.21 milliseconds"}
{"level":"INFO","message":"[4:38:09.275 PM]: Creating new connection object"}
{"level":"INFO","message":"[4:38:09.295 PM]: Creating Connection[id: b18eb436-8c72-46ed-ae26-833701c53ff8] with host: GVKNEYQ-QN19413.snowflakecomputing.com, account: GVKNEYQ-QN19413, accessUrl: https://GVKNEYQ-QN19413.snowflakecomputing.com, user: AK8827, role: ACCOUNTADMIN, database: SNOWFLAKE_LEARNING_DB, schema: PUBLIC, warehouse: COMPUTE_WH, proxy was not configured, password is provided, region: undefined, authenticator: SNOWFLAKE, ocsp mode: FAIL_OPEN, os: win32, os version: 10.0.26100"}
{"level":"INFO","message":"[4:38:09.296 PM]: Connection[id: b18eb436-8c72-46ed-ae26-833701c53ff8] additional details: passcode in password is provided, passcode is not provided, private key is not provided, application: undefined, client name: snowflake-sdk, client version: 2.3.3, retry timeout: 300, private key path: undefined, private key pass is not provided, client store temporary credential: false, browser response timeout: 120000"}
{"level":"INFO","message":"[4:38:09.297 PM]: Connection[id: b18eb436-8c72-46ed-ae26-833701c53ff8] - connection object created successfully."}
{"level":"INFO","message":"[4:38:09.298 PM]: Connection[id: b18eb436-8c72-46ed-ae26-833701c53ff8] - connecting. Associated Snowflake domain: GLOBAL"}
{"level":"INFO","message":"[4:38:09.306 PM]: Connection[id: b18eb436-8c72-46ed-ae26-833701c53ff8] - authentication successful using: SNOWFLAKE"}
{"level":"INFO","message":"[4:38:09.307 PM]: Trying to initialize Easy Logging"}
{"level":"INFO","message":"[4:38:09.312 PM]: No client config detected."}
{"level":"INFO","message":"[4:38:09.312 PM]: No config file path found. Client config will not be used."}
{"level":"INFO","message":"[4:38:09.313 PM]: Easy Logging is disabled as no config has been found"}
{"level":"INFO","message":"[4:38:09.893 PM]: Connection[id: b18eb436-8c72-46ed-ae26-833701c53ff8] - connection established successfully after 595.37 milliseconds"}
{"level":"INFO","message":"[4:38:14.421 PM]: Creating new connection object"}
{"level":"INFO","message":"[4:38:14.439 PM]: Creating Connection[id: 596a65c1-3d6b-40f6-b783-09e51f35991a] with host: GVKNEYQ-QN19413.snowflakecomputing.com, account: GVKNEYQ-QN19413, accessUrl: https://GVKNEYQ-QN19413.snowflakecomputing.com, user: AK8827, role: ACCOUNTADMIN, database: SNOWFLAKE_LEARNING_DB, schema: PUBLIC, warehouse: COMPUTE_WH, proxy was not configured, password is provided, region: undefined, authenticator: SNOWFLAKE, ocsp mode: FAIL_OPEN, os: win32, os version: 10.0.26100"}
{"level":"INFO","message":"[4:38:14.440 PM]: Connection[id: 596a65c1-3d6b-40f6-b783-09e51f35991a] additional details: passcode in password is provided, passcode is not provided, private key is not provided, application: undefined, client name: snowflake-sdk, client version: 2.3.3, retry timeout: 300, private key path: undefined, private key pass is not provided, client store temporary credential: false, browser response timeout: 120000"}
{"level":"INFO","message":"[4:38:14.440 PM]: Connection[id: 596a65c1-3d6b-40f6-b783-09e51f35991a] - connection object created successfully."}
{"level":"INFO","message":"[4:38:14.441 PM]: Connection[id: 596a65c1-3d6b-40f6-b783-09e51f35991a] - connecting. Associated Snowflake domain: GLOBAL"}
{"level":"INFO","message":"[4:38:14.450 PM]: Connection[id: 596a65c1-3d6b-40f6-b783-09e51f35991a] - authentication successful using: SNOWFLAKE"}
{"level":"INFO","message":"[4:38:14.452 PM]: Trying to initialize Easy Logging"}
{"level":"INFO","message":"[4:38:14.459 PM]: No client config detected."}
{"level":"INFO","message":"[4:38:14.459 PM]: No config file path found. Client config will not be used."}
{"level":"INFO","message":"[4:38:14.460 PM]: Easy Logging is disabled as no config has been found"}
{"level":"INFO","message":"[4:38:15.193 PM]: Connection[id: 596a65c1-3d6b-40f6-b783-09e51f35991a] - connection established successfully after 751.47 milliseconds"}
{"level":"INFO","message":"[4:38:17.529 PM]: Creating new connection object"}
{"level":"INFO","message":"[4:38:17.548 PM]: Creating Connection[id: 48a9862b-ab2f-4448-9388-c0070493f934] with host: GVKNEYQ-QN19413.snowflakecomputing.com, account: GVKNEYQ-QN19413, accessUrl: https://GVKNEYQ-QN19413.snowflakecomputing.com, user: AK8827, role: ACCOUNTADMIN, database: SNOWFLAKE_LEARNING_DB, schema: PUBLIC, warehouse: COMPUTE_WH, proxy was not configured, password is provided, region: undefined, authenticator: SNOWFLAKE, ocsp mode: FAIL_OPEN, os: win32, os version: 10.0.26100"}
{"level":"INFO","message":"[4:38:17.549 PM]: Connection[id: 48a9862b-ab2f-4448-9388-c0070493f934] additional details: passcode in password is provided, passcode is not provided, private key is not provided, application: undefined, client name: snowflake-sdk, client version: 2.3.3, retry timeout: 300, private key path: undefined, private key pass is not provided, client store temporary credential: false, browser response timeout: 120000"}
{"level":"INFO","message":"[4:38:17.550 PM]: Connection[id: 48a9862b-ab2f-4448-9388-c0070493f934] - connection object created successfully."}
{"level":"INFO","message":"[4:38:17.551 PM]: Connection[id: 48a9862b-ab2f-4448-9388-c0070493f934] - connecting. Associated Snowflake domain: GLOBAL"}
{"level":"INFO","message":"[4:38:17.558 PM]: Connection[id: 48a9862b-ab2f-4448-9388-c0070493f934] - authentication successful using: SNOWFLAKE"}
{"level":"INFO","message":"[4:38:17.559 PM]: Trying to initialize Easy Logging"}
{"level":"INFO","message":"[4:38:17.565 PM]: No client config detected."}
{"level":"INFO","message":"[4:38:17.566 PM]: No config file path found. Client config will not be used."}
{"level":"INFO","message":"[4:38:17.567 PM]: Easy Logging is disabled as no config has been found"}
{"level":"INFO","message":"[4:38:18.467 PM]: Connection[id: 48a9862b-ab2f-4448-9388-c0070493f934] - connection established successfully after 916.87 milliseconds"}
{"level":"INFO","message":"[4:38:21.517 PM]: Creating new connection object"}
{"level":"INFO","message":"[4:38:21.546 PM]: Creating Connection[id: 9da10878-c3f9-4b48-9cf8-e2641d1c209c] with host: GVKNEYQ-QN19413.snowflakecomputing.com, account: GVKNEYQ-QN19413, accessUrl: https://GVKNEYQ-QN19413.snowflakecomputing.com, user: AK8827, role: ACCOUNTADMIN, database: SNOWFLAKE_LEARNING_DB, schema: PUBLIC, warehouse: COMPUTE_WH, proxy was not configured, password is provided, region: undefined, authenticator: SNOWFLAKE, ocsp mode: FAIL_OPEN, os: win32, os version: 10.0.26100"}
{"level":"INFO","message":"[4:38:21.549 PM]: Connection[id: 9da10878-c3f9-4b48-9cf8-e2641d1c209c] additional details: passcode in password is provided, passcode is not provided, private key is not provided, application: undefined, client name: snowflake-sdk, client version: 2.3.3, retry timeout: 300, private key path: undefined, private key pass is not provided, client store temporary credential: false, browser response timeout: 120000"}
{"level":"INFO","message":"[4:38:21.550 PM]: Connection[id: 9da10878-c3f9-4b48-9cf8-e2641d1c209c] - connection object created successfully."}
{"level":"INFO","message":"[4:38:21.551 PM]: Connection[id: 9da10878-c3f9-4b48-9cf8-e2641d1c209c] - connecting. Associated Snowflake domain: GLOBAL"}
{"level":"INFO","message":"[4:38:21.566 PM]: Connection[id: 9da10878-c3f9-4b48-9cf8-e2641d1c209c] - authentication successful using: SNOWFLAKE"}
{"level":"INFO","message":"[4:38:21.567 PM]: Trying to initialize Easy Logging"}
{"level":"INFO","message":"[4:38:21.572 PM]: No client config detected."}
{"level":"INFO","message":"[4:38:21.572 PM]: No config file path found. Client config will not be used."}
{"level":"INFO","message":"[4:38:21.573 PM]: Easy Logging is disabled as no config has been found"}
{"level":"INFO","message":"[4:38:22.206 PM]: Connection[id: 9da10878-c3f9-4b48-9cf8-e2641d1c209c] - connection established successfully after 654.82 milliseconds"}
{"level":"INFO","message":"[4:38:27.400 PM]: Creating new connection object"}
{"level":"INFO","message":"[4:38:27.422 PM]: Creating Connection[id: 3099855e-2a89-4164-9bae-9378ecabc39c] with host: GVKNEYQ-QN19413.snowflakecomputing.com, account: GVKNEYQ-QN19413, accessUrl: https://GVKNEYQ-QN19413.snowflakecomputing.com, user: AK8827, role: ACCOUNTADMIN, database: SNOWFLAKE_LEARNING_DB, schema: PUBLIC, warehouse: COMPUTE_WH, proxy was not configured, password is provided, region: undefined, authenticator: SNOWFLAKE, ocsp mode: FAIL_OPEN, os: win32, os version: 10.0.26100"}
{"level":"INFO","message":"[4:38:27.423 PM]: Connection[id: 3099855e-2a89-4164-9bae-9378ecabc39c] additional details: passcode in password is provided, passcode is not provided, private key is not provided, application: undefined, client name: snowflake-sdk, client version: 2.3.3, retry timeout: 300, private key path: undefined, private key pass is not provided, client store temporary credential: false, browser response timeout: 120000"}
{"level":"INFO","message":"[4:38:27.424 PM]: Connection[id: 3099855e-2a89-4164-9bae-9378ecabc39c] - connection object created successfully."}
{"level":"INFO","message":"[4:38:27.426 PM]: Connection[id: 3099855e-2a89-4164-9bae-9378ecabc39c] - connecting. Associated Snowflake domain: GLOBAL"}
{"level":"INFO","message":"[4:38:27.436 PM]: Connection[id: 3099855e-2a89-4164-9bae-9378ecabc39c] - authentication successful using: SNOWFLAKE"}
{"level":"INFO","message":"[4:38:27.436 PM]: Trying to initialize Easy Logging"}
{"level":"INFO","message":"[4:38:27.445 PM]: No client config detected."}
{"level":"INFO","message":"[4:38:27.446 PM]: No config file path found. Client config will not be used."}
{"level":"INFO","message":"[4:38:27.447 PM]: Easy Logging is disabled as no config has been found"}
{"level":"INFO","message":"[4:38:28.150 PM]: Connection[id: 3099855e-2a89-4164-9bae-9378ecabc39c] - connection established successfully after 724.15 milliseconds"}
{"level":"INFO","message":"[4:38:34.350 PM]: Creating new connection object"}
{"level":"INFO","message":"[4:38:34.370 PM]: Creating Connection[id: 0345d877-eed6-4716-9a5e-f40fbacb3fe5] with host: GVKNEYQ-QN19413.snowflakecomputing.com, account: GVKNEYQ-QN19413, accessUrl: https://GVKNEYQ-QN19413.snowflakecomputing.com, user: AK8827, role: ACCOUNTADMIN, database: SNOWFLAKE_LEARNING_DB, schema: PUBLIC, warehouse: COMPUTE_WH, proxy was not configured, password is provided, region: undefined, authenticator: SNOWFLAKE, ocsp mode: FAIL_OPEN, os: win32, os version: 10.0.26100"}
{"level":"INFO","message":"[4:38:34.371 PM]: Connection[id: 0345d877-eed6-4716-9a5e-f40fbacb3fe5] additional details: passcode in password is provided, passcode is not provided, private key is not provided, application: undefined, client name: snowflake-sdk, client version: 2.3.3, retry timeout: 300, private key path: undefined, private key pass is not provided, client store temporary credential: false, browser response timeout: 120000"}
{"level":"INFO","message":"[4:38:34.373 PM]: Connection[id: 0345d877-eed6-4716-9a5e-f40fbacb3fe5] - connection object created successfully."}
{"level":"INFO","message":"[4:38:34.376 PM]: Connection[id: 0345d877-eed6-4716-9a5e-f40fbacb3fe5] - connecting. Associated Snowflake domain: GLOBAL"}
{"level":"INFO","message":"[4:38:34.384 PM]: Connection[id: 0345d877-eed6-4716-9a5e-f40fbacb3fe5] - authentication successful using: SNOWFLAKE"}
{"level":"INFO","message":"[4:38:34.385 PM]: Trying to initialize Easy Logging"}
{"level":"INFO","message":"[4:38:34.393 PM]: No client config detected."}
{"level":"INFO","message":"[4:38:34.394 PM]: No config file path found. Client config will not be used."}
{"level":"INFO","message":"[4:38:34.395 PM]: Easy Logging is disabled as no config has been found"}
{"level":"INFO","message":"[4:38:36.683 PM]: Creating new connection object"}
{"level":"INFO","message":"[4:38:36.702 PM]: Creating Connection[id: 35a14cb5-6388-400f-9532-3ab4f825c238] with host: GVKNEYQ-QN19413.snowflakecomputing.com, account: GVKNEYQ-QN19413, accessUrl: https://GVKNEYQ-QN19413.snowflakecomputing.com, user: AK8827, role: ACCOUNTADMIN, database: SNOWFLAKE_LEARNING_DB, schema: PUBLIC, warehouse: COMPUTE_WH, proxy was not configured, password is provided, region: undefined, authenticator: SNOWFLAKE, ocsp mode: FAIL_OPEN, os: win32, os version: 10.0.26100"}
{"level":"INFO","message":"[4:38:36.703 PM]: Connection[id: 35a14cb5-6388-400f-9532-3ab4f825c238] additional details: passcode in password is provided, passcode is not provided, private key is not provided, application: undefined, client name: snowflake-sdk, client version: 2.3.3, retry timeout: 300, private key path: undefined, private key pass is not provided, client store temporary credential: false, browser response timeout: 120000"}
{"level":"INFO","message":"[4:38:36.705 PM]: Connection[id: 35a14cb5-6388-400f-9532-3ab4f825c238] - connection object created successfully."}
{"level":"INFO","message":"[4:38:36.706 PM]: Connection[id: 35a14cb5-6388-400f-9532-3ab4f825c238] - connecting. Associated Snowflake domain: GLOBAL"}
{"level":"INFO","message":"[4:38:36.714 PM]: Connection[id: 35a14cb5-6388-400f-9532-3ab4f825c238] - authentication successful using: SNOWFLAKE"}
{"level":"INFO","message":"[4:38:36.716 PM]: Trying to initialize Easy Logging"}
{"level":"INFO","message":"[4:38:36.721 PM]: No client config detected."}
{"level":"INFO","message":"[4:38:36.722 PM]: No config file path found. Client config will not be used."}
{"level":"INFO","message":"[4:38:36.724 PM]: Easy Logging is disabled as no config has been found"}
{"level":"INFO","message":"[4:38:37.340 PM]: Connection[id: 35a14cb5-6388-400f-9532-3ab4f825c238] - connection established successfully after 633.88 milliseconds"}
{"level":"INFO","message":"[4:38:50.378 PM]: Creating new connection object"}
{"level":"INFO","message":"[4:38:50.410 PM]: Creating Connection[id: 9b09a876-9e20-48b7-a013-cd33eb2f4f29] with host: GVKNEYQ-QN19413.snowflakecomputing.com, account: GVKNEYQ-QN19413, accessUrl: https://GVKNEYQ-QN19413.snowflakecomputing.com, user: AK8827, role: ACCOUNTADMIN, database: SNOWFLAKE_LEARNING_DB, schema: PUBLIC, warehouse: COMPUTE_WH, proxy was not configured, password is provided, region: undefined, authenticator: SNOWFLAKE, ocsp mode: FAIL_OPEN, os: win32, os version: 10.0.26100"}
{"level":"INFO","message":"[4:38:50.411 PM]: Connection[id: 9b09a876-9e20-48b7-a013-cd33eb2f4f29] additional details: passcode in password is provided, passcode is not provided, private key is not provided, application: undefined, client name: snowflake-sdk, client version: 2.3.3, retry timeout: 300, private key path: undefined, private key pass is not provided, client store temporary credential: false, browser response timeout: 120000"}
{"level":"INFO","message":"[4:38:50.413 PM]: Connection[id: 9b09a876-9e20-48b7-a013-cd33eb2f4f29] - connection object created successfully."}
{"level":"INFO","message":"[4:38:50.414 PM]: Connection[id: 9b09a876-9e20-48b7-a013-cd33eb2f4f29] - connecting. Associated Snowflake domain: GLOBAL"}
{"level":"INFO","message":"[4:38:50.429 PM]: Connection[id: 9b09a876-9e20-48b7-a013-cd33eb2f4f29] - authentication successful using: SNOWFLAKE"}
{"level":"INFO","message":"[4:38:50.431 PM]: Trying to initialize Easy Logging"}
{"level":"INFO","message":"[4:38:50.446 PM]: No client config detected."}
{"level":"INFO","message":"[4:38:50.446 PM]: No config file path found. Client config will not be used."}
{"level":"INFO","message":"[4:38:50.448 PM]: Easy Logging is disabled as no config has been found"}
{"level":"INFO","message":"[4:38:51.523 PM]: Connection[id: 9b09a876-9e20-48b7-a013-cd33eb2f4f29] - connection established successfully after 1109.53 milliseconds"}
{"level":"INFO","message":"[4:38:55.984 PM]: Creating new connection object"}
{"level":"INFO","message":"[4:38:56.009 PM]: Creating Connection[id: ba1dfa0d-4848-4192-9c39-e0336c4b9463] with host: GVKNEYQ-QN19413.snowflakecomputing.com, account: GVKNEYQ-QN19413, accessUrl: https://GVKNEYQ-QN19413.snowflakecomputing.com, user: AK8827, role: ACCOUNTADMIN, database: SNOWFLAKE_LEARNING_DB, schema: PUBLIC, warehouse: COMPUTE_WH, proxy was not configured, password is provided, region: undefined, authenticator: SNOWFLAKE, ocsp mode: FAIL_OPEN, os: win32, os version: 10.0.26100"}
{"level":"INFO","message":"[4:38:56.010 PM]: Connection[id: ba1dfa0d-4848-4192-9c39-e0336c4b9463] additional details: passcode in password is provided, passcode is not provided, private key is not provided, application: undefined, client name: snowflake-sdk, client version: 2.3.3, retry timeout: 300, private key path: undefined, private key pass is not provided, client store temporary credential: false, browser response timeout: 120000"}
{"level":"INFO","message":"[4:38:56.011 PM]: Connection[id: ba1dfa0d-4848-4192-9c39-e0336c4b9463] - connection object created successfully."}
{"level":"INFO","message":"[4:38:56.011 PM]: Connection[id: ba1dfa0d-4848-4192-9c39-e0336c4b9463] - connecting. Associated Snowflake domain: GLOBAL"}
{"level":"INFO","message":"[4:38:56.025 PM]: Connection[id: ba1dfa0d-4848-4192-9c39-e0336c4b9463] - authentication successful using: SNOWFLAKE"}
{"level":"INFO","message":"[4:38:56.026 PM]: Trying to initialize Easy Logging"}
{"level":"INFO","message":"[4:38:56.037 PM]: No client config detected."}
{"level":"INFO","message":"[4:38:56.038 PM]: No config file path found. Client config will not be used."}
{"level":"INFO","message":"[4:38:56.041 PM]: Easy Logging is disabled as no config has been found"}
{"level":"INFO","message":"[4:38:56.662 PM]: Connection[id: ba1dfa0d-4848-4192-9c39-e0336c4b9463] - connection established successfully after 651.03 milliseconds"}
{"level":"INFO","message":"[4:39:00.589 PM]: Creating new connection object"}
{"level":"INFO","message":"[4:39:00.607 PM]: Creating Connection[id: f9e0077d-8449-408c-8497-c9c3bced6ee3] with host: GVKNEYQ-QN19413.snowflakecomputing.com, account: GVKNEYQ-QN19413, accessUrl: https://GVKNEYQ-QN19413.snowflakecomputing.com, user: AK8827, role: ACCOUNTADMIN, database: SNOWFLAKE_LEARNING_DB, schema: PUBLIC, warehouse: COMPUTE_WH, proxy was not configured, password is provided, region: undefined, authenticator: SNOWFLAKE, ocsp mode: FAIL_OPEN, os: win32, os version: 10.0.26100"}
{"level":"INFO","message":"[4:39:00.608 PM]: Connection[id: f9e0077d-8449-408c-8497-c9c3bced6ee3] additional details: passcode in password is provided, passcode is not provided, private key is not provided, application: undefined, client name: snowflake-sdk, client version: 2.3.3, retry timeout: 300, private key path: undefined, private key pass is not provided, client store temporary credential: false, browser response timeout: 120000"}
{"level":"INFO","message":"[4:39:00.609 PM]: Connection[id: f9e0077d-8449-408c-8497-c9c3bced6ee3] - connection object created successfully."}
{"level":"INFO","message":"[4:39:00.610 PM]: Connection[id: f9e0077d-8449-408c-8497-c9c3bced6ee3] - connecting. Associated Snowflake domain: GLOBAL"}
{"level":"INFO","message":"[4:39:00.622 PM]: Connection[id: f9e0077d-8449-408c-8497-c9c3bced6ee3] - authentication successful using: SNOWFLAKE"}
{"level":"INFO","message":"[4:39:00.623 PM]: Trying to initialize Easy Logging"}
{"level":"INFO","message":"[4:39:00.635 PM]: No client config detected."}
{"level":"INFO","message":"[4:39:00.636 PM]: No config file path found. Client config will not be used."}
{"level":"INFO","message":"[4:39:00.638 PM]: Easy Logging is disabled as no config has been found"}
{"level":"INFO","message":"[4:39:01.270 PM]: Connection[id: f9e0077d-8449-408c-8497-c9c3bced6ee3] - connection established successfully after 659.94 milliseconds"}
{"level":"INFO","message":"[4:39:02.731 PM]: Creating new connection object"}
{"level":"INFO","message":"[4:39:02.747 PM]: Creating Connection[id: 920f8cb5-98a6-4a2c-bc5d-c895d2d12a3c] with host: GVKNEYQ-QN19413.snowflakecomputing.com, account: GVKNEYQ-QN19413, accessUrl: https://GVKNEYQ-QN19413.snowflakecomputing.com, user: AK8827, role: ACCOUNTADMIN, database: SNOWFLAKE_LEARNING_DB, schema: PUBLIC, warehouse: COMPUTE_WH, proxy was not configured, password is provided, region: undefined, authenticator: SNOWFLAKE, ocsp mode: FAIL_OPEN, os: win32, os version: 10.0.26100"}
{"level":"INFO","message":"[4:39:02.748 PM]: Connection[id: 920f8cb5-98a6-4a2c-bc5d-c895d2d12a3c] additional details: passcode in password is provided, passcode is not provided, private key is not provided, application: undefined, client name: snowflake-sdk, client version: 2.3.3, retry timeout: 300, private key path: undefined, private key pass is not provided, client store temporary credential: false, browser response timeout: 120000"}
{"level":"INFO","message":"[4:39:02.749 PM]: Connection[id: 920f8cb5-98a6-4a2c-bc5d-c895d2d12a3c] - connection object created successfully."}
{"level":"INFO","message":"[4:39:02.750 PM]: Connection[id: 920f8cb5-98a6-4a2c-bc5d-c895d2d12a3c] - connecting. Associated Snowflake domain: GLOBAL"}
{"level":"INFO","message":"[4:39:02.757 PM]: Connection[id: 920f8cb5-98a6-4a2c-bc5d-c895d2d12a3c] - authentication successful using: SNOWFLAKE"}
{"level":"INFO","message":"[4:39:02.758 PM]: Trying to initialize Easy Logging"}
{"level":"INFO","message":"[4:39:02.764 PM]: No client config detected."}
{"level":"INFO","message":"[4:39:02.765 PM]: No config file path found. Client config will not be used."}
{"level":"INFO","message":"[4:39:02.766 PM]: Easy Logging is disabled as no config has been found"}
{"level":"INFO","message":"[4:39:03.310 PM]: Connection[id: 920f8cb5-98a6-4a2c-bc5d-c895d2d12a3c] - connection established successfully after 560.1 milliseconds"}
{"level":"INFO","message":"[4:39:12.067 PM]: Creating new connection object"}
{"level":"INFO","message":"[4:39:12.102 PM]: Creating Connection[id: 3dd80b61-6f47-4b61-9f5e-973739dc512c] with host: GVKNEYQ-QN19413.snowflakecomputing.com, account: GVKNEYQ-QN19413, accessUrl: https://GVKNEYQ-QN19413.snowflakecomputing.com, user: AK8827, role: ACCOUNTADMIN, database: SNOWFLAKE_LEARNING_DB, schema: PUBLIC, warehouse: COMPUTE_WH, proxy was not configured, password is provided, region: undefined, authenticator: SNOWFLAKE, ocsp mode: FAIL_OPEN, os: win32, os version: 10.0.26100"}
{"level":"INFO","message":"[4:39:12.103 PM]: Connection[id: 3dd80b61-6f47-4b61-9f5e-973739dc512c] additional details: passcode in password is provided, passcode is not provided, private key is not provided, application: undefined, client name: snowflake-sdk, client version: 2.3.3, retry timeout: 300, private key path: undefined, private key pass is not provided, client store temporary credential: false, browser response timeout: 120000"}
{"level":"INFO","message":"[4:39:12.109 PM]: Connection[id: 3dd80b61-6f47-4b61-9f5e-973739dc512c] - connection object created successfully."}
{"level":"INFO","message":"[4:39:12.132 PM]: Connection[id: 3dd80b61-6f47-4b61-9f5e-973739dc512c] - connecting. Associated Snowflake domain: GLOBAL"}
{"level":"INFO","message":"[4:39:12.147 PM]: Connection[id: 3dd80b61-6f47-4b61-9f5e-973739dc512c] - authentication successful using: SNOWFLAKE"}
{"level":"INFO","message":"[4:39:12.150 PM]: Trying to initialize Easy Logging"}
{"level":"INFO","message":"[4:39:12.157 PM]: No client config detected."}
{"level":"INFO","message":"[4:39:12.158 PM]: No config file path found. Client config will not be used."}
{"level":"INFO","message":"[4:39:12.160 PM]: Easy Logging is disabled as no config has been found"}
{"level":"INFO","message":"[4:39:12.922 PM]: Connection[id: 3dd80b61-6f47-4b61-9f5e-973739dc512c] - connection established successfully after 790.3 milliseconds"}
{"level":"INFO","message":"[4:39:14.469 PM]: Creating new connection object"}
{"level":"INFO","message":"[4:39:14.485 PM]: Creating Connection[id: b101bc57-9cba-48b3-92d1-add9eb099955] with host: GVKNEYQ-QN19413.snowflakecomputing.com, account: GVKNEYQ-QN19413, accessUrl: https://GVKNEYQ-QN19413.snowflakecomputing.com, user: AK8827, role: ACCOUNTADMIN, database: SNOWFLAKE_LEARNING_DB, schema: PUBLIC, warehouse: COMPUTE_WH, proxy was not configured, password is provided, region: undefined, authenticator: SNOWFLAKE, ocsp mode: FAIL_OPEN, os: win32, os version: 10.0.26100"}
{"level":"INFO","message":"[4:39:14.486 PM]: Connection[id: b101bc57-9cba-48b3-92d1-add9eb099955] additional details: passcode in password is provided, passcode is not provided, private key is not provided, application: undefined, client name: snowflake-sdk, client version: 2.3.3, retry timeout: 300, private key path: undefined, private key pass is not provided, client store temporary credential: false, browser response timeout: 120000"}
{"level":"INFO","message":"[4:39:14.488 PM]: Connection[id: b101bc57-9cba-48b3-92d1-add9eb099955] - connection object created successfully."}
{"level":"INFO","message":"[4:39:14.489 PM]: Connection[id: b101bc57-9cba-48b3-92d1-add9eb099955] - connecting. Associated Snowflake domain: GLOBAL"}
{"level":"INFO","message":"[4:39:14.498 PM]: Connection[id: b101bc57-9cba-48b3-92d1-add9eb099955] - authentication successful using: SNOWFLAKE"}
{"level":"INFO","message":"[4:39:14.499 PM]: Trying to initialize Easy Logging"}
{"level":"INFO","message":"[4:39:14.504 PM]: No client config detected."}
{"level":"INFO","message":"[4:39:14.504 PM]: No config file path found. Client config will not be used."}
{"level":"INFO","message":"[4:39:14.506 PM]: Easy Logging is disabled as no config has been found"}
{"level":"INFO","message":"[4:39:15.080 PM]: Connection[id: b101bc57-9cba-48b3-92d1-add9eb099955] - connection established successfully after 591.15 milliseconds"}
{"level":"INFO","message":"[4:39:20.572 PM]: Creating new connection object"}
{"level":"INFO","message":"[4:39:20.592 PM]: Creating Connection[id: 1153d078-45cc-4ee0-8acc-400034a8d0bc] with host: GVKNEYQ-QN19413.snowflakecomputing.com, account: GVKNEYQ-QN19413, accessUrl: https://GVKNEYQ-QN19413.snowflakecomputing.com, user: AK8827, role: ACCOUNTADMIN, database: SNOWFLAKE_LEARNING_DB, schema: PUBLIC, warehouse: COMPUTE_WH, proxy was not configured, password is provided, region: undefined, authenticator: SNOWFLAKE, ocsp mode: FAIL_OPEN, os: win32, os version: 10.0.26100"}
{"level":"INFO","message":"[4:39:20.593 PM]: Connection[id: 1153d078-45cc-4ee0-8acc-400034a8d0bc] additional details: passcode in password is provided, passcode is not provided, private key is not provided, application: undefined, client name: snowflake-sdk, client version: 2.3.3, retry timeout: 300, private key path: undefined, private key pass is not provided, client store temporary credential: false, browser response timeout: 120000"}
{"level":"INFO","message":"[4:39:20.594 PM]: Connection[id: 1153d078-45cc-4ee0-8acc-400034a8d0bc] - connection object created successfully."}
{"level":"INFO","message":"[4:39:20.595 PM]: Connection[id: 1153d078-45cc-4ee0-8acc-400034a8d0bc] - connecting. Associated Snowflake domain: GLOBAL"}
{"level":"INFO","message":"[4:39:20.603 PM]: Connection[id: 1153d078-45cc-4ee0-8acc-400034a8d0bc] - authentication successful using: SNOWFLAKE"}
{"level":"INFO","message":"[4:39:20.604 PM]: Trying to initialize Easy Logging"}
{"level":"INFO","message":"[4:39:20.610 PM]: No client config detected."}
{"level":"INFO","message":"[4:39:20.611 PM]: No config file path found. Client config will not be used."}
{"level":"INFO","message":"[4:39:20.612 PM]: Easy Logging is disabled as no config has been found"}
{"level":"INFO","message":"[4:39:21.249 PM]: Connection[id: 1153d078-45cc-4ee0-8acc-400034a8d0bc] - connection established successfully after 653.54 milliseconds"}
{"level":"INFO","message":"[4:39:37.445 PM]: Creating new connection object"}
{"level":"INFO","message":"[4:39:37.462 PM]: Creating Connection[id: 80a41f1f-0e02-470e-992b-5c6d3b9bc276] with host: GVKNEYQ-QN19413.snowflakecomputing.com, account: GVKNEYQ-QN19413, accessUrl: https://GVKNEYQ-QN19413.snowflakecomputing.com, user: AK8827, role: ACCOUNTADMIN, database: SNOWFLAKE_LEARNING_DB, schema: PUBLIC, warehouse: COMPUTE_WH, proxy was not configured, password is provided, region: undefined, authenticator: SNOWFLAKE, ocsp mode: FAIL_OPEN, os: win32, os version: 10.0.26100"}
{"level":"INFO","message":"[4:39:37.464 PM]: Connection[id: 80a41f1f-0e02-470e-992b-5c6d3b9bc276] additional details: passcode in password is provided, passcode is not provided, private key is not provided, application: undefined, client name: snowflake-sdk, client version: 2.3.3, retry timeout: 300, private key path: undefined, private key pass is not provided, client store temporary credential: false, browser response timeout: 120000"}
{"level":"INFO","message":"[4:39:37.466 PM]: Connection[id: 80a41f1f-0e02-470e-992b-5c6d3b9bc276] - connection object created successfully."}
{"level":"INFO","message":"[4:39:37.467 PM]: Connection[id: 80a41f1f-0e02-470e-992b-5c6d3b9bc276] - connecting. Associated Snowflake domain: GLOBAL"}
{"level":"INFO","message":"[4:39:37.474 PM]: Connection[id: 80a41f1f-0e02-470e-992b-5c6d3b9bc276] - authentication successful using: SNOWFLAKE"}
{"level":"INFO","message":"[4:39:37.475 PM]: Trying to initialize Easy Logging"}
{"level":"INFO","message":"[4:39:37.480 PM]: No client config detected."}
{"level":"INFO","message":"[4:39:37.481 PM]: No config file path found. Client config will not be used."}
{"level":"INFO","message":"[4:39:37.482 PM]: Easy Logging is disabled as no config has been found"}
{"level":"INFO","message":"[4:39:38.482 PM]: Connection[id: 80a41f1f-0e02-470e-992b-5c6d3b9bc276] - connection established successfully after 1015.44 milliseconds"}
{"level":"INFO","message":"[4:39:42.535 PM]: Creating new connection object"}
{"level":"INFO","message":"[4:39:42.557 PM]: Creating Connection[id: b37f9c18-a2f8-4b60-a8ee-1df174a42d18] with host: GVKNEYQ-QN19413.snowflakecomputing.com, account: GVKNEYQ-QN19413, accessUrl: https://GVKNEYQ-QN19413.snowflakecomputing.com, user: AK8827, role: ACCOUNTADMIN, database: SNOWFLAKE_LEARNING_DB, schema: PUBLIC, warehouse: COMPUTE_WH, proxy was not configured, password is provided, region: undefined, authenticator: SNOWFLAKE, ocsp mode: FAIL_OPEN, os: win32, os version: 10.0.26100"}
{"level":"INFO","message":"[4:39:42.558 PM]: Connection[id: b37f9c18-a2f8-4b60-a8ee-1df174a42d18] additional details: passcode in password is provided, passcode is not provided, private key is not provided, application: undefined, client name: snowflake-sdk, client version: 2.3.3, retry timeout: 300, private key path: undefined, private key pass is not provided, client store temporary credential: false, browser response timeout: 120000"}
{"level":"INFO","message":"[4:39:42.559 PM]: Connection[id: b37f9c18-a2f8-4b60-a8ee-1df174a42d18] - connection object created successfully."}
{"level":"INFO","message":"[4:39:42.560 PM]: Connection[id: b37f9c18-a2f8-4b60-a8ee-1df174a42d18] - connecting. Associated Snowflake domain: GLOBAL"}
{"level":"INFO","message":"[4:39:42.571 PM]: Connection[id: b37f9c18-a2f8-4b60-a8ee-1df174a42d18] - authentication successful using: SNOWFLAKE"}
{"level":"INFO","message":"[4:39:42.572 PM]: Trying to initialize Easy Logging"}
{"level":"INFO","message":"[4:39:42.582 PM]: No client config detected."}
{"level":"INFO","message":"[4:39:42.582 PM]: No config file path found. Client config will not be used."}
{"level":"INFO","message":"[4:39:42.584 PM]: Easy Logging is disabled as no config has been found"}
{"level":"INFO","message":"[4:39:43.198 PM]: Connection[id: b37f9c18-a2f8-4b60-a8ee-1df174a42d18] - connection established successfully after 637.75 milliseconds"}
{"level":"INFO","message":"[4:39:52.309 PM]: Creating new connection object"}
{"level":"INFO","message":"[4:39:52.336 PM]: Creating Connection[id: fa099d60-79d2-4736-a493-32dfb171c33d] with host: GVKNEYQ-QN19413.snowflakecomputing.com, account: GVKNEYQ-QN19413, accessUrl: https://GVKNEYQ-QN19413.snowflakecomputing.com, user: AK8827, role: ACCOUNTADMIN, database: SNOWFLAKE_LEARNING_DB, schema: PUBLIC, warehouse: COMPUTE_WH, proxy was not configured, password is provided, region: undefined, authenticator: SNOWFLAKE, ocsp mode: FAIL_OPEN, os: win32, os version: 10.0.26100"}
{"level":"INFO","message":"[4:39:52.337 PM]: Connection[id: fa099d60-79d2-4736-a493-32dfb171c33d] additional details: passcode in password is provided, passcode is not provided, private key is not provided, application: undefined, client name: snowflake-sdk, client version: 2.3.3, retry timeout: 300, private key path: undefined, private key pass is not provided, client store temporary credential: false, browser response timeout: 120000"}
{"level":"INFO","message":"[4:39:52.337 PM]: Connection[id: fa099d60-79d2-4736-a493-32dfb171c33d] - connection object created successfully."}
{"level":"INFO","message":"[4:39:52.338 PM]: Connection[id: fa099d60-79d2-4736-a493-32dfb171c33d] - connecting. Associated Snowflake domain: GLOBAL"}
{"level":"INFO","message":"[4:39:52.353 PM]: Connection[id: fa099d60-79d2-4736-a493-32dfb171c33d] - authentication successful using: SNOWFLAKE"}
{"level":"INFO","message":"[4:39:52.355 PM]: Trying to initialize Easy Logging"}
{"level":"INFO","message":"[4:39:52.364 PM]: No client config detected."}
{"level":"INFO","message":"[4:39:52.365 PM]: No config file path found. Client config will not be used."}
{"level":"INFO","message":"[4:39:52.366 PM]: Easy Logging is disabled as no config has been found"}
{"level":"INFO","message":"[4:39:53.177 PM]: Connection[id: fa099d60-79d2-4736-a493-32dfb171c33d] - connection established successfully after 839.32 milliseconds"}
{"level":"INFO","message":"[4:39:55.076 PM]: Creating new connection object"}
{"level":"INFO","message":"[4:39:55.092 PM]: Creating Connection[id: 25ded5db-9cd3-4c1c-81a5-8b8e095f77db] with host: GVKNEYQ-QN19413.snowflakecomputing.com, account: GVKNEYQ-QN19413, accessUrl: https://GVKNEYQ-QN19413.snowflakecomputing.com, user: AK8827, role: ACCOUNTADMIN, database: SNOWFLAKE_LEARNING_DB, schema: PUBLIC, warehouse: COMPUTE_WH, proxy was not configured, password is provided, region: undefined, authenticator: SNOWFLAKE, ocsp mode: FAIL_OPEN, os: win32, os version: 10.0.26100"}
{"level":"INFO","message":"[4:39:55.093 PM]: Connection[id: 25ded5db-9cd3-4c1c-81a5-8b8e095f77db] additional details: passcode in password is provided, passcode is not provided, private key is not provided, application: undefined, client name: snowflake-sdk, client version: 2.3.3, retry timeout: 300, private key path: undefined, private key pass is not provided, client store temporary credential: false, browser response timeout: 120000"}
{"level":"INFO","message":"[4:39:55.094 PM]: Connection[id: 25ded5db-9cd3-4c1c-81a5-8b8e095f77db] - connection object created successfully."}
{"level":"INFO","message":"[4:39:55.095 PM]: Connection[id: 25ded5db-9cd3-4c1c-81a5-8b8e095f77db] - connecting. Associated Snowflake domain: GLOBAL"}
{"level":"INFO","message":"[4:39:55.102 PM]: Connection[id: 25ded5db-9cd3-4c1c-81a5-8b8e095f77db] - authentication successful using: SNOWFLAKE"}
{"level":"INFO","message":"[4:39:55.103 PM]: Trying to initialize Easy Logging"}
{"level":"INFO","message":"[4:39:55.109 PM]: No client config detected."}
{"level":"INFO","message":"[4:39:55.110 PM]: No config file path found. Client config will not be used."}
{"level":"INFO","message":"[4:39:55.111 PM]: Easy Logging is disabled as no config has been found"}
{"level":"INFO","message":"[4:39:55.879 PM]: Connection[id: 25ded5db-9cd3-4c1c-81a5-8b8e095f77db] - connection established successfully after 784.47 milliseconds"}
{"level":"INFO","message":"[4:39:57.646 PM]: Creating new connection object"}
{"level":"INFO","message":"[4:39:57.664 PM]: Creating Connection[id: 846b80f4-a0d9-49aa-a1f9-5d6148050fae] with host: GVKNEYQ-QN19413.snowflakecomputing.com, account: GVKNEYQ-QN19413, accessUrl: https://GVKNEYQ-QN19413.snowflakecomputing.com, user: AK8827, role: ACCOUNTADMIN, database: SNOWFLAKE_LEARNING_DB, schema: PUBLIC, warehouse: COMPUTE_WH, proxy was not configured, password is provided, region: undefined, authenticator: SNOWFLAKE, ocsp mode: FAIL_OPEN, os: win32, os version: 10.0.26100"}
{"level":"INFO","message":"[4:39:57.665 PM]: Connection[id: 846b80f4-a0d9-49aa-a1f9-5d6148050fae] additional details: passcode in password is provided, passcode is not provided, private key is not provided, application: undefined, client name: snowflake-sdk, client version: 2.3.3, retry timeout: 300, private key path: undefined, private key pass is not provided, client store temporary credential: false, browser response timeout: 120000"}
{"level":"INFO","message":"[4:39:57.666 PM]: Connection[id: 846b80f4-a0d9-49aa-a1f9-5d6148050fae] - connection object created successfully."}
{"level":"INFO","message":"[4:39:57.667 PM]: Connection[id: 846b80f4-a0d9-49aa-a1f9-5d6148050fae] - connecting. Associated Snowflake domain: GLOBAL"}
{"level":"INFO","message":"[4:39:57.675 PM]: Connection[id: 846b80f4-a0d9-49aa-a1f9-5d6148050fae] - authentication successful using: SNOWFLAKE"}
{"level":"INFO","message":"[4:39:57.677 PM]: Trying to initialize Easy Logging"}
{"level":"INFO","message":"[4:39:57.683 PM]: No client config detected."}
{"level":"INFO","message":"[4:39:57.684 PM]: No config file path found. Client config will not be used."}
{"level":"INFO","message":"[4:39:57.685 PM]: Easy Logging is disabled as no config has been found"}
{"level":"INFO","message":"[4:39:58.261 PM]: Connection[id: 846b80f4-a0d9-49aa-a1f9-5d6148050fae] - connection established successfully after 593.88 milliseconds"}
{"level":"INFO","message":"[4:40:06.814 PM]: Creating new connection object"}
{"level":"INFO","message":"[4:40:06.831 PM]: Creating Connection[id: 96f5b987-b8a2-4565-8947-f72c717b5e02] with host: GVKNEYQ-QN19413.snowflakecomputing.com, account: GVKNEYQ-QN19413, accessUrl: https://GVKNEYQ-QN19413.snowflakecomputing.com, user: AK8827, role: ACCOUNTADMIN, database: SNOWFLAKE_LEARNING_DB, schema: PUBLIC, warehouse: COMPUTE_WH, proxy was not configured, password is provided, region: undefined, authenticator: SNOWFLAKE, ocsp mode: FAIL_OPEN, os: win32, os version: 10.0.26100"}
{"level":"INFO","message":"[4:40:06.832 PM]: Connection[id: 96f5b987-b8a2-4565-8947-f72c717b5e02] additional details: passcode in password is provided, passcode is not provided, private key is not provided, application: undefined, client name: snowflake-sdk, client version: 2.3.3, retry timeout: 300, private key path: undefined, private key pass is not provided, client store temporary credential: false, browser response timeout: 120000"}
{"level":"INFO","message":"[4:40:06.832 PM]: Connection[id: 96f5b987-b8a2-4565-8947-f72c717b5e02] - connection object created successfully."}
{"level":"INFO","message":"[4:40:06.833 PM]: Connection[id: 96f5b987-b8a2-4565-8947-f72c717b5e02] - connecting. Associated Snowflake domain: GLOBAL"}
{"level":"INFO","message":"[4:40:06.842 PM]: Connection[id: 96f5b987-b8a2-4565-8947-f72c717b5e02] - authentication successful using: SNOWFLAKE"}
{"level":"INFO","message":"[4:40:06.843 PM]: Trying to initialize Easy Logging"}
{"level":"INFO","message":"[4:40:06.847 PM]: No client config detected."}
{"level":"INFO","message":"[4:40:06.848 PM]: No config file path found. Client config will not be used."}
{"level":"INFO","message":"[4:40:06.849 PM]: Easy Logging is disabled as no config has been found"}
{"level":"INFO","message":"[4:40:07.448 PM]: Connection[id: 96f5b987-b8a2-4565-8947-f72c717b5e02] - connection established successfully after 614.32 milliseconds"}
{"level":"INFO","message":"[4:40:16.074 PM]: Creating new connection object"}
{"level":"INFO","message":"[4:40:16.102 PM]: Creating Connection[id: a30ae764-9abc-42d5-9720-34aa85604bc3] with host: GVKNEYQ-QN19413.snowflakecomputing.com, account: GVKNEYQ-QN19413, accessUrl: https://GVKNEYQ-QN19413.snowflakecomputing.com, user: AK8827, role: ACCOUNTADMIN, database: SNOWFLAKE_LEARNING_DB, schema: PUBLIC, warehouse: COMPUTE_WH, proxy was not configured, password is provided, region: undefined, authenticator: SNOWFLAKE, ocsp mode: FAIL_OPEN, os: win32, os version: 10.0.26100"}
{"level":"INFO","message":"[4:40:16.105 PM]: Connection[id: a30ae764-9abc-42d5-9720-34aa85604bc3] additional details: passcode in password is provided, passcode is not provided, private key is not provided, application: undefined, client name: snowflake-sdk, client version: 2.3.3, retry timeout: 300, private key path: undefined, private key pass is not provided, client store temporary credential: false, browser response timeout: 120000"}
{"level":"INFO","message":"[4:40:16.108 PM]: Connection[id: a30ae764-9abc-42d5-9720-34aa85604bc3] - connection object created successfully."}
{"level":"INFO","message":"[4:40:16.110 PM]: Connection[id: a30ae764-9abc-42d5-9720-34aa85604bc3] - connecting. Associated Snowflake domain: GLOBAL"}
{"level":"INFO","message":"[4:40:16.127 PM]: Connection[id: a30ae764-9abc-42d5-9720-34aa85604bc3] - authentication successful using: SNOWFLAKE"}
{"level":"INFO","message":"[4:40:16.128 PM]: Trying to initialize Easy Logging"}
{"level":"INFO","message":"[4:40:16.137 PM]: No client config detected."}
{"level":"INFO","message":"[4:40:16.138 PM]: No config file path found. Client config will not be used."}
{"level":"INFO","message":"[4:40:16.140 PM]: Easy Logging is disabled as no config has been found"}
{"level":"INFO","message":"[4:40:16.956 PM]: Connection[id: a30ae764-9abc-42d5-9720-34aa85604bc3] - connection established successfully after 846.43 milliseconds"}
{"level":"INFO","message":"[4:40:24.707 PM]: Creating new connection object"}
{"level":"INFO","message":"[4:40:24.744 PM]: Creating Connection[id: 37e336f8-6b48-46bd-b92c-0bf324359f87] with host: GVKNEYQ-QN19413.snowflakecomputing.com, account: GVKNEYQ-QN19413, accessUrl: https://GVKNEYQ-QN19413.snowflakecomputing.com, user: AK8827, role: ACCOUNTADMIN, database: SNOWFLAKE_LEARNING_DB, schema: PUBLIC, warehouse: COMPUTE_WH, proxy was not configured, password is provided, region: undefined, authenticator: SNOWFLAKE, ocsp mode: FAIL_OPEN, os: win32, os version: 10.0.26100"}
{"level":"INFO","message":"[4:40:24.747 PM]: Connection[id: 37e336f8-6b48-46bd-b92c-0bf324359f87] additional details: passcode in password is provided, passcode is not provided, private key is not provided, application: undefined, client name: snowflake-sdk, client version: 2.3.3, retry timeout: 300, private key path: undefined, private key pass is not provided, client store temporary credential: false, browser response timeout: 120000"}
{"level":"INFO","message":"[4:40:24.749 PM]: Connection[id: 37e336f8-6b48-46bd-b92c-0bf324359f87] - connection object created successfully."}
{"level":"INFO","message":"[4:40:24.752 PM]: Connection[id: 37e336f8-6b48-46bd-b92c-0bf324359f87] - connecting. Associated Snowflake domain: GLOBAL"}
{"level":"INFO","message":"[4:40:24.760 PM]: Connection[id: 37e336f8-6b48-46bd-b92c-0bf324359f87] - authentication successful using: SNOWFLAKE"}
{"level":"INFO","message":"[4:40:24.763 PM]: Trying to initialize Easy Logging"}
{"level":"INFO","message":"[4:40:24.772 PM]: No client config detected."}
{"level":"INFO","message":"[4:40:24.772 PM]: No config file path found. Client config will not be used."}
{"level":"INFO","message":"[4:40:24.773 PM]: Easy Logging is disabled as no config has been found"}
{"level":"INFO","message":"[4:40:26.432 PM]: Creating new connection object"}
{"level":"INFO","message":"[4:40:26.449 PM]: Creating Connection[id: 2d150bf2-5ee9-4a85-9b22-f4a4bf264e3e] with host: GVKNEYQ-QN19413.snowflakecomputing.com, account: GVKNEYQ-QN19413, accessUrl: https://GVKNEYQ-QN19413.snowflakecomputing.com, user: AK8827, role: ACCOUNTADMIN, database: SNOWFLAKE_LEARNING_DB, schema: PUBLIC, warehouse: COMPUTE_WH, proxy was not configured, password is provided, region: undefined, authenticator: SNOWFLAKE, ocsp mode: FAIL_OPEN, os: win32, os version: 10.0.26100"}
{"level":"INFO","message":"[4:40:26.451 PM]: Connection[id: 2d150bf2-5ee9-4a85-9b22-f4a4bf264e3e] additional details: passcode in password is provided, passcode is not provided, private key is not provided, application: undefined, client name: snowflake-sdk, client version: 2.3.3, retry timeout: 300, private key path: undefined, private key pass is not provided, client store temporary credential: false, browser response timeout: 120000"}
{"level":"INFO","message":"[4:40:26.452 PM]: Connection[id: 2d150bf2-5ee9-4a85-9b22-f4a4bf264e3e] - connection object created successfully."}
{"level":"INFO","message":"[4:40:26.453 PM]: Connection[id: 2d150bf2-5ee9-4a85-9b22-f4a4bf264e3e] - connecting. Associated Snowflake domain: GLOBAL"}
{"level":"INFO","message":"[4:40:26.460 PM]: Connection[id: 2d150bf2-5ee9-4a85-9b22-f4a4bf264e3e] - authentication successful using: SNOWFLAKE"}
{"level":"INFO","message":"[4:40:26.462 PM]: Trying to initialize Easy Logging"}
{"level":"INFO","message":"[4:40:26.467 PM]: No client config detected."}
{"level":"INFO","message":"[4:40:26.468 PM]: No config file path found. Client config will not be used."}
{"level":"INFO","message":"[4:40:26.469 PM]: Easy Logging is disabled as no config has been found"}
{"level":"INFO","message":"[4:40:27.226 PM]: Connection[id: 2d150bf2-5ee9-4a85-9b22-f4a4bf264e3e] - connection established successfully after 772.79 milliseconds"}
{"level":"INFO","message":"[4:40:31.379 PM]: Creating new connection object"}
{"level":"INFO","message":"[4:40:31.397 PM]: Creating Connection[id: 0841e797-84a8-45bf-a2d2-f9d8f6d9f5f7] with host: GVKNEYQ-QN19413.snowflakecomputing.com, account: GVKNEYQ-QN19413, accessUrl: https://GVKNEYQ-QN19413.snowflakecomputing.com, user: AK8827, role: ACCOUNTADMIN, database: SNOWFLAKE_LEARNING_DB, schema: PUBLIC, warehouse: COMPUTE_WH, proxy was not configured, password is provided, region: undefined, authenticator: SNOWFLAKE, ocsp mode: FAIL_OPEN, os: win32, os version: 10.0.26100"}
{"level":"INFO","message":"[4:40:31.398 PM]: Connection[id: 0841e797-84a8-45bf-a2d2-f9d8f6d9f5f7] additional details: passcode in password is provided, passcode is not provided, private key is not provided, application: undefined, client name: snowflake-sdk, client version: 2.3.3, retry timeout: 300, private key path: undefined, private key pass is not provided, client store temporary credential: false, browser response timeout: 120000"}
{"level":"INFO","message":"[4:40:31.399 PM]: Connection[id: 0841e797-84a8-45bf-a2d2-f9d8f6d9f5f7] - connection object created successfully."}
{"level":"INFO","message":"[4:40:31.399 PM]: Connection[id: 0841e797-84a8-45bf-a2d2-f9d8f6d9f5f7] - connecting. Associated Snowflake domain: GLOBAL"}
{"level":"INFO","message":"[4:40:31.407 PM]: Connection[id: 0841e797-84a8-45bf-a2d2-f9d8f6d9f5f7] - authentication successful using: SNOWFLAKE"}
{"level":"INFO","message":"[4:40:31.408 PM]: Trying to initialize Easy Logging"}
{"level":"INFO","message":"[4:40:31.414 PM]: No client config detected."}
{"level":"INFO","message":"[4:40:31.415 PM]: No config file path found. Client config will not be used."}
{"level":"INFO","message":"[4:40:31.415 PM]: Easy Logging is disabled as no config has been found"}
{"level":"INFO","message":"[4:40:32.164 PM]: Connection[id: 0841e797-84a8-45bf-a2d2-f9d8f6d9f5f7] - connection established successfully after 764.47 milliseconds"}
{"level":"INFO","message":"[4:40:36.226 PM]: Creating new connection object"}
{"level":"INFO","message":"[4:40:36.303 PM]: Creating Connection[id: ec5ea0ee-7609-4265-9ac5-b8df7c541728] with host: GVKNEYQ-QN19413.snowflakecomputing.com, account: GVKNEYQ-QN19413, accessUrl: https://GVKNEYQ-QN19413.snowflakecomputing.com, user: AK8827, role: ACCOUNTADMIN, database: SNOWFLAKE_LEARNING_DB, schema: PUBLIC, warehouse: COMPUTE_WH, proxy was not configured, password is provided, region: undefined, authenticator: SNOWFLAKE, ocsp mode: FAIL_OPEN, os: win32, os version: 10.0.26100"}
{"level":"INFO","message":"[4:40:36.304 PM]: Connection[id: ec5ea0ee-7609-4265-9ac5-b8df7c541728] additional details: passcode in password is provided, passcode is not provided, private key is not provided, application: undefined, client name: snowflake-sdk, client version: 2.3.3, retry timeout: 300, private key path: undefined, private key pass is not provided, client store temporary credential: false, browser response timeout: 120000"}
{"level":"INFO","message":"[4:40:36.305 PM]: Connection[id: ec5ea0ee-7609-4265-9ac5-b8df7c541728] - connection object created successfully."}
{"level":"INFO","message":"[4:40:36.306 PM]: Connection[id: ec5ea0ee-7609-4265-9ac5-b8df7c541728] - connecting. Associated Snowflake domain: GLOBAL"}
{"level":"INFO","message":"[4:40:36.330 PM]: Connection[id: ec5ea0ee-7609-4265-9ac5-b8df7c541728] - authentication successful using: SNOWFLAKE"}
{"level":"INFO","message":"[4:40:36.346 PM]: Trying to initialize Easy Logging"}
{"level":"INFO","message":"[4:40:36.355 PM]: No client config detected."}
{"level":"INFO","message":"[4:40:36.355 PM]: No config file path found. Client config will not be used."}
{"level":"INFO","message":"[4:40:36.356 PM]: Easy Logging is disabled as no config has been found"}
{"level":"INFO","message":"[4:40:36.995 PM]: Connection[id: ec5ea0ee-7609-4265-9ac5-b8df7c541728] - connection established successfully after 689.58 milliseconds"}
{"level":"INFO","message":"[4:40:55.456 PM]: Creating new connection object"}
{"level":"INFO","message":"[4:40:55.474 PM]: Creating Connection[id: 6a4b45ae-7b89-421a-bb73-28cd63ca5d8f] with host: GVKNEYQ-QN19413.snowflakecomputing.com, account: GVKNEYQ-QN19413, accessUrl: https://GVKNEYQ-QN19413.snowflakecomputing.com, user: AK8827, role: ACCOUNTADMIN, database: SNOWFLAKE_LEARNING_DB, schema: PUBLIC, warehouse: COMPUTE_WH, proxy was not configured, password is provided, region: undefined, authenticator: SNOWFLAKE, ocsp mode: FAIL_OPEN, os: win32, os version: 10.0.26100"}
{"level":"INFO","message":"[4:40:55.475 PM]: Connection[id: 6a4b45ae-7b89-421a-bb73-28cd63ca5d8f] additional details: passcode in password is provided, passcode is not provided, private key is not provided, application: undefined, client name: snowflake-sdk, client version: 2.3.3, retry timeout: 300, private key path: undefined, private key pass is not provided, client store temporary credential: false, browser response timeout: 120000"}
{"level":"INFO","message":"[4:40:55.476 PM]: Connection[id: 6a4b45ae-7b89-421a-bb73-28cd63ca5d8f] - connection object created successfully."}
{"level":"INFO","message":"[4:40:55.477 PM]: Connection[id: 6a4b45ae-7b89-421a-bb73-28cd63ca5d8f] - connecting. Associated Snowflake domain: GLOBAL"}
{"level":"INFO","message":"[4:40:55.486 PM]: Connection[id: 6a4b45ae-7b89-421a-bb73-28cd63ca5d8f] - authentication successful using: SNOWFLAKE"}
{"level":"INFO","message":"[4:40:55.487 PM]: Trying to initialize Easy Logging"}
{"level":"INFO","message":"[4:40:55.493 PM]: No client config detected."}
{"level":"INFO","message":"[4:40:55.493 PM]: No config file path found. Client config will not be used."}
{"level":"INFO","message":"[4:40:55.495 PM]: Easy Logging is disabled as no config has been found"}
{"level":"INFO","message":"[4:40:56.560 PM]: Connection[id: 6a4b45ae-7b89-421a-bb73-28cd63ca5d8f] - connection established successfully after 1083.52 milliseconds"}
{"level":"INFO","message":"[4:41:01.170 PM]: Creating new connection object"}
{"level":"INFO","message":"[4:41:02.576 PM]: Creating new connection object"}
{"level":"INFO","message":"[4:41:02.593 PM]: Creating Connection[id: 644ad063-4171-42eb-ad00-fa1a0673cf45] with host: GVKNEYQ-QN19413.snowflakecomputing.com, account: GVKNEYQ-QN19413, accessUrl: https://GVKNEYQ-QN19413.snowflakecomputing.com, user: AK8827, role: ACCOUNTADMIN, database: SNOWFLAKE_LEARNING_DB, schema: PUBLIC, warehouse: COMPUTE_WH, proxy was not configured, password is provided, region: undefined, authenticator: SNOWFLAKE, ocsp mode: FAIL_OPEN, os: win32, os version: 10.0.26100"}
{"level":"INFO","message":"[4:41:02.594 PM]: Connection[id: 644ad063-4171-42eb-ad00-fa1a0673cf45] additional details: passcode in password is provided, passcode is not provided, private key is not provided, application: undefined, client name: snowflake-sdk, client version: 2.3.3, retry timeout: 300, private key path: undefined, private key pass is not provided, client store temporary credential: false, browser response timeout: 120000"}
{"level":"INFO","message":"[4:41:02.595 PM]: Connection[id: 644ad063-4171-42eb-ad00-fa1a0673cf45] - connection object created successfully."}
{"level":"INFO","message":"[4:41:02.597 PM]: Connection[id: 644ad063-4171-42eb-ad00-fa1a0673cf45] - connecting. Associated Snowflake domain: GLOBAL"}
{"level":"INFO","message":"[4:41:02.605 PM]: Connection[id: 644ad063-4171-42eb-ad00-fa1a0673cf45] - authentication successful using: SNOWFLAKE"}
{"level":"INFO","message":"[4:41:02.606 PM]: Trying to initialize Easy Logging"}
{"level":"INFO","message":"[4:41:02.611 PM]: No client config detected."}
{"level":"INFO","message":"[4:41:02.612 PM]: No config file path found. Client config will not be used."}
{"level":"INFO","message":"[4:41:02.614 PM]: Easy Logging is disabled as no config has been found"}
{"level":"INFO","message":"[4:41:03.219 PM]: Connection[id: 644ad063-4171-42eb-ad00-fa1a0673cf45] - connection established successfully after 621.79 milliseconds"}
{"level":"INFO","message":"[4:41:10.502 PM]: Creating new connection object"}
{"level":"INFO","message":"[4:41:10.522 PM]: Creating Connection[id: e67395e5-53f8-457c-ab11-7c9674acc1d0] with host: GVKNEYQ-QN19413.snowflakecomputing.com, account: GVKNEYQ-QN19413, accessUrl: https://GVKNEYQ-QN19413.snowflakecomputing.com, user: AK8827, role: ACCOUNTADMIN, database: SNOWFLAKE_LEARNING_DB, schema: PUBLIC, warehouse: COMPUTE_WH, proxy was not configured, password is provided, region: undefined, authenticator: SNOWFLAKE, ocsp mode: FAIL_OPEN, os: win32, os version: 10.0.26100"}
{"level":"INFO","message":"[4:41:10.522 PM]: Connection[id: e67395e5-53f8-457c-ab11-7c9674acc1d0] additional details: passcode in password is provided, passcode is not provided, private key is not provided, application: undefined, client name: snowflake-sdk, client version: 2.3.3, retry timeout: 300, private key path: undefined, private key pass is not provided, client store temporary credential: false, browser response timeout: 120000"}
{"level":"INFO","message":"[4:41:10.523 PM]: Connection[id: e67395e5-53f8-457c-ab11-7c9674acc1d0] - connection object created successfully."}
{"level":"INFO","message":"[4:41:10.524 PM]: Connection[id: e67395e5-53f8-457c-ab11-7c9674acc1d0] - connecting. Associated Snowflake domain: GLOBAL"}
{"level":"INFO","message":"[4:41:10.535 PM]: Connection[id: e67395e5-53f8-457c-ab11-7c9674acc1d0] - authentication successful using: SNOWFLAKE"}
{"level":"INFO","message":"[4:41:10.536 PM]: Trying to initialize Easy Logging"}
{"level":"INFO","message":"[4:41:10.541 PM]: No client config detected."}
{"level":"INFO","message":"[4:41:10.542 PM]: No config file path found. Client config will not be used."}
{"level":"INFO","message":"[4:41:10.543 PM]: Easy Logging is disabled as no config has been found"}
{"level":"INFO","message":"[4:41:11.386 PM]: Connection[id: e67395e5-53f8-457c-ab11-7c9674acc1d0] - connection established successfully after 862.29 milliseconds"}
